id,Location,Date,TimeOfSale,ItemNumber,ItemName,Quantity,Price,Value,,,            
1,11111,11/13/2017,6:53,20084260,Candy Cane Whoopie Pie,1,3.25,3.25,,,
2,11111,11/13/2017,7:02,20084016,Spicy Chorizo,1,3.75,3.75,,,            
3,11111,11/13/2017,7:04,20084043,Ancho Chipotle Chicken Panini ,1,7,7,,,            
4,11111,11/13/2017,7:08,20083518,Carved Ham & Swiss Breakfast Sandwich,1,3.25,3.25,,,            
5,11111,11/13/2017,7:09,20084043,Ancho Chipotle Chicken Panini ,1,7,7,,,            
6,11111,11/13/2017,7:10,20084038,Chewy Chocolate Cookie,1,7,7,,,            
7,11111,11/13/2017,7:10,20084014,Seared Steak,1,3.75,3.75,,,            
8,11111,11/13/2017,7:10,20084016,Spicy Chorizo,1,3.75,3.75,,,            
9,11111,11/13/2017,7:10,20084462,Blueberry Muffin with Yogurt and Honey,1,3.25,3.25,,,            
10,11111,11/13/2017,7:10,20084032,Chocolate Marble Loaf Cake,1,3.75,3.75,,,            
11,11111,11/13/2017,7:10,20084032,Chocolate Marble Loaf Cake,1,3.75,3.75,,,            
12,11111,11/13/2017,7:10,20084034,Cranberry Bliss Bar® Tray,1,3.75,3.75,,,            
13,11111,11/13/2017,7:10,20084034,Cranberry Bliss Bar® Tray,1,3.75,3.75,,,            
14,11111,11/13/2017,7:13,20083518,Carved Ham & Swiss Breakfast Sandwich,1,3.25,3.25,,,            
15,11111,11/13/2017,7:13,20084019,Caramelized Apple Pound Cake,1,3,3,,,            
16,11111,11/13/2017,7:13,20084011,Double-Smoked Bacon,1,3.75,3.75,,,            
17,11111,11/13/2017,7:13,20084014,Seared Steak,1,3.75,3.75,,,            
18,11111,11/13/2017,7:13,20084015,Sous Vide Egg Bites: Bacon & Gruyere,1,3.5,3.5,,,            
19,11111,11/13/2017,7:13,20084016,Spicy Chorizo,1,3.75,3.75,,,            
20,11111,11/13/2017,7:13,20084022,Chocolate Chip Cookie,1,3,3,,,            
21,11111,11/13/2017,7:13,20084260,Candy Cane Whoopie Pie,1,3.25,3.25,,,            
22,11111,11/13/2017,7:13,20084462,Blueberry Muffin with Yogurt and Honey,1,3.25,3.25,,,            
23,11111,11/13/2017,7:14,20083518,Carved Ham & Swiss Breakfast Sandwich,1,3.25,3.25,,,           
24,11111,11/13/2017,7:14,20084011,Double-Smoked Bacon,1,3.75,3.75,,,            
25,11111,11/13/2017,7:14,20084014,Seared Steak,1,3.75,3.75,,,            
26,11111,11/13/2017,7:14,20084015,Sous Vide Egg Bites: Bacon & Gruyere,1,3.5,3.5,,,            
27,11111,11/13/2017,7:14,20084018,Almond Croissant,1,3.75,3.75,,,            
28,11111,11/13/2017,7:14,20084260,Candy Cane Whoopie Pie,1,3.25,3.25,,,            
29,11111,11/13/2017,7:15,20084015,Sous Vide Egg Bites: Bacon & Gruyere,1,3.5,3.5,,,            
30,11111,11/13/2017,7:15,20084034,Cranberry Bliss Bar® Tray,1,3.75,3.75,,,             
31,11111,11/13/2017,7:16,20084014,Seared Steak,1,3.75,3.75,,,             
32,11111,11/13/2017,7:16,20084015,Sous Vide Egg Bites: Bacon & Gruyere,1,3.5,3.5,,,             
33,11111,11/13/2017,7:16,20084022,Chocolate Chip Cookie,1,3,3,,,             
34,11111,11/13/2017,7:17,20084043,Ancho Chipotle Chicken Panini ,1,7,7,,,            
35,11111,11/13/2017,7:19,20084044,Egg Salad Sandwich,1,7,7,,,            
36,11111,11/13/2017,7:20,20084038,Chewy Chocolate Cookie,1,7,7,,,            
37,11111,11/13/2017,7:20,20084014,Seared Steak,1,3.75,3.75,,,            
38,11111,11/13/2017,7:20,20084015,Sous Vide Egg Bites: Bacon & Gruyere,1,3.5,3.5,,,           
39,11111,11/13/2017,7:20,20084022,Chocolate Chip Cookie,1,3,3,,,           
40,11111,11/13/2017,7:20,20084462,Blueberry Muffin with Yogurt and Honey,1,3.25,3.25,,,            
41,11111,11/13/2017,7:20,20084044,Egg Salad Sandwich,1,7,7,,,            
42,11111,11/13/2017,7:21,20083519,Certified Gluten-Free Breakfast Sandwich,1,5,5,,,             
43,11111,11/13/2017,7:21,20084043,Ancho Chipotle Chicken Panini ,1,7,7,,,            
44,11111,11/13/2017,7:23,20084014,Seared Steak,1,3.75,3.75,,,            
45,11111,11/13/2017,7:23,20084015,Sous Vide Egg Bites: Bacon & Gruyere,1,3.5,3.5,,,            
46,11111,11/13/2017,7:25,20083518,Carved Ham & Swiss Breakfast Sandwich,1,3.25,3.25,,,            
47,11111,11/13/2017,7:25,20084036,Pumpkin Cheesecake Bar,1,7.25,7.25,,,            
48,11111,11/13/2017,7:27,20084011,Double-Smoked Bacon,1,3.75,3.75,,,            
49,11111,11/13/2017,7:27,20084011,Double-Smoked Bacon,1,3.75,3.75,,,            
50,11111,11/13/2017,7:27,20084011,Double-Smoked Bacon,1,3.75,3.75,,,             
51,11111,11/13/2017,7:27,20084011,Double-Smoked Bacon,1,3.75,3.75,,,            
52,11111,11/13/2017,7:27,20084017,Hearty Blueberry Oatmeal,1,3.75,3.75,,,            
53,11111,11/13/2017,7:27,20084017,Hearty Blueberry Oatmeal,1,3.75,3.75,,,            
54,11111,11/13/2017,7:27,20084017,Hearty Blueberry Oatmeal,1,3.75,3.75,,,            
55,11111,11/13/2017,7:27,20084017,Hearty Blueberry Oatmeal,1,3.75,3.75,,,            
56,11111,11/13/2017,7:27,20084260,Candy Cane Whoopie Pie,1,3.25,3.25,,,            
57,11111,11/13/2017,7:27,20084260,Candy Cane Whoopie Pie,1,3.25,3.25,,,            
58,11111,11/13/2017,7:27,20084260,Candy Cane Whoopie Pie,1,3.25,3.25,,,            
59,11111,11/13/2017,7:27,20084260,Candy Cane Whoopie Pie,1,3.25,3.25,,,            
60,11111,11/13/2017,7:28,20083518,Carved Ham & Swiss Breakfast Sandwich,1,3.25,3.25,,,            
61,11111,11/13/2017,7:28,20084019,Caramelized Apple Pound Cake,1,3,3,,,            
62,11111,11/13/2017,7:28,20084011,Double-Smoked Bacon,1,3.75,3.75,,,            
63,11111,11/13/2017,7:28,20084015,Sous Vide Egg Bites: Bacon & Gruyere,1,3.5,3.5,,,            
64,11111,11/13/2017,7:28,20084015,Sous Vide Egg Bites: Bacon & Gruyere,1,3.5,3.5,,,            
65,11111,11/13/2017,7:28,20084022,Chocolate Chip Cookie,1,3,3,,,            
66,11111,11/13/2017,7:28,20084043,Ancho Chipotle Chicken Panini ,1,7,7,,,            
67,11111,11/13/2017,7:28,20084043,Ancho Chipotle Chicken Panini ,1,7,7,,,            
68,11111,11/13/2017,7:30,20084018,Almond Croissant,1,3.75,3.75,,,            
69,11111,11/13/2017,7:30,20084043,Ancho Chipotle Chicken Panini ,1,7,7,,,            
70,11111,11/13/2017,7:30,20084046,Egg Salad Sandwich,1,3.75,3.75,,,            
71,11111,11/13/2017,7:34,20084015,Sous Vide Egg Bites: Bacon & Gruyere,1,3.5,3.5,,,            
72,11111,11/13/2017,7:34,20084017,Hearty Blueberry Oatmeal,1,3.75,3.75,,,            
73,11111,11/13/2017,7:34,20084032,Chocolate Marble Loaf Cake,1,3.75,3.75,,,            
74,11111,11/13/2017,7:34,20084034,Cranberry Bliss Bar® Tray,1,3.75,3.75,,,            
75,11111,11/13/2017,7:35,20083518,Carved Ham & Swiss Breakfast Sandwich,1,3.25,3.25,,,           
76,11111,11/13/2017,7:35,20084019,Caramelized Apple Pound Cake,1,3,3,,,            
77,11111,11/13/2017,7:35,20084038,Chewy Chocolate Cookie,1,7,7,,,            
78,11111,11/13/2017,7:35,20084014,Seared Steak,1,3.75,3.75,,,            
79,11111,11/13/2017,7:35,20084016,Spicy Chorizo,1,3.75,3.75,,,            
80,11111,11/13/2017,7:35,20084043,Ancho Chipotle Chicken Panini ,1,7,7,,,            
81,11111,11/13/2017,7:36,20084018,Almond Croissant,1,3.75,3.75,,,            
82,11111,11/13/2017,7:36,20084260,Candy Cane Whoopie Pie,1,3.25,3.25,,,            
83,11111,11/13/2017,7:36,20084260,Candy Cane Whoopie Pie,1,3.25,3.25,,,            
84,11111,11/13/2017,7:37,20084038,Chewy Chocolate Cookie,1,7,7,,,            
85,11111,11/13/2017,7:38,20083518,Carved Ham & Swiss Breakfast Sandwich,1,3.25,3.25,,,            
86,11111,11/13/2017,7:38,20084043,Ancho Chipotle Chicken Panini ,1,7,7,,,             
87,11111,11/13/2017,7:39,20084016,Spicy Chorizo,1,3.75,3.75,,,            
88,11111,11/13/2017,7:40,20084043,Ancho Chipotle Chicken Panini ,1,7,7,,,             
89,11111,11/13/2017,7:41,20084038,Chewy Chocolate Cookie,1,7,7,,,            
90,11111,11/13/2017,7:41,20084462,Blueberry Muffin with Yogurt and Honey,1,3.25,3.25,,,            
91,11111,11/13/2017,7:41,20084043,Ancho Chipotle Chicken Panini ,1,7,7,,,            
92,11111,11/13/2017,7:42,20084043,Ancho Chipotle Chicken Panini ,1,7,7,,,            
93,11111,11/13/2017,7:43,20084014,Seared Steak,1,3.75,3.75,,,            
94,11111,11/13/2017,7:43,20084017,Hearty Blueberry Oatmeal,1,3.75,3.75,,,             
95,11111,11/13/2017,7:43,20084260,Candy Cane Whoopie Pie,1,3.25,3.25,,,           
96,11111,11/13/2017,7:43,20084462,Blueberry Muffin with Yogurt and Honey,1,3.25,3.25,,,            
97,11111,11/13/2017,7:44,20083518,Carved Ham & Swiss Breakfast Sandwich,1,3.25,3.25,,,            
98,11111,11/13/2017,7:44,20083519,Certified Gluten-Free Breakfast Sandwich,1,5,5,,,            
99,11111,11/13/2017,7:45,20084019,Caramelized Apple Pound Cake,1,3,3,,,           
100,11111,11/13/2017,7:48,20084011,Double-Smoked Bacon,1,3.75,3.75,,,            
101,11111,11/13/2017,7:48,20084011,Double-Smoked Bacon,1,3.75,3.75,,,            
102,11111,11/13/2017,7:48,20084011,Double-Smoked Bacon,1,3.75,3.75,,,            
103,11111,11/13/2017,7:48,20084011,Double-Smoked Bacon,1,3.75,3.75,,,           
104,11111,11/13/2017,7:48,20084462,Blueberry Muffin with Yogurt and Honey,1,3.25,3.25,,,            
105,11111,11/13/2017,7:48,20084462,Blueberry Muffin with Yogurt and Honey,1,3.25,3.25,,,            
106,11111,11/13/2017,7:48,20084462,Blueberry Muffin with Yogurt and Honey,1,3.25,3.25,,,           
107,11111,11/13/2017,7:49,20084022,Chocolate Chip Cookie,1,3,3,,,           
108,11111,11/13/2017,7:50,20083518,Carved Ham & Swiss Breakfast Sandwich,1,3.25,3.25,,,           
109,11111,11/13/2017,7:50,20084019,Caramelized Apple Pound Cake,1,3,3,,,           
110,11111,11/13/2017,7:50,20084017,Hearty Blueberry Oatmeal,1,3.75,3.75,,,           
111,11111,11/13/2017,7:50,20084032,Chocolate Marble Loaf Cake,1,3.75,3.75,,,           
112,11111,11/13/2017,7:51,20084019,Caramelized Apple Pound Cake,1,3,3,,,            
113,11111,11/13/2017,7:53,20083518,Carved Ham & Swiss Breakfast Sandwich,1,3.25,3.25,,,            
114,11111,11/13/2017,7:53,20084011,Double-Smoked Bacon,1,3.75,3.75,,,           
115,11111,11/13/2017,7:53,20084011,Double-Smoked Bacon,1,3.75,3.75,,,           
116,11111,11/13/2017,7:53,20084014,Seared Steak,1,3.75,3.75,,,            
117,11111,11/13/2017,7:53,20084015,Sous Vide Egg Bites: Bacon & Gruyere,1,3.5,3.5,,,            
118,11111,11/13/2017,7:53,20084016,Spicy Chorizo,1,3.75,3.75,,,           
119,11111,11/13/2017,7:53,20084462,Blueberry Muffin with Yogurt and Honey,1,3.25,3.25,,,            
120,11111,11/13/2017,7:54,20084043,Ancho Chipotle Chicken Panini ,1,7,7,,,            
121,11111,11/13/2017,7:56,20083518,Carved Ham & Swiss Breakfast Sandwich,1,3.25,3.25,,,           
122,11111,11/13/2017,7:56,20083518,Carved Ham & Swiss Breakfast Sandwich,1,3.25,3.25,,,           
123,11111,11/13/2017,7:56,20084011,Double-Smoked Bacon,1,3.75,3.75,,,           
124,11111,11/13/2017,7:56,20084462,Blueberry Muffin with Yogurt and Honey,1,3.25,3.25,,,           
125,11111,11/13/2017,7:56,20084043,Ancho Chipotle Chicken Panini ,1,7,7,,,           
126,11111,11/13/2017,7:59,20084043,Ancho Chipotle Chicken Panini ,1,7,7,,,           
127,11111,11/13/2017,7:59,20084043,Ancho Chipotle Chicken Panini ,1,7,7,,,           
128,11111,11/13/2017,8:01,20084043,Ancho Chipotle Chicken Panini ,1,7,7,,,            
129,11111,11/13/2017,8:02,20083519,Certified Gluten-Free Breakfast Sandwich,1,5,5,,,            
130,11111,11/13/2017,8:02,20084043,Ancho Chipotle Chicken Panini ,1,7,7,,,            
131,11111,11/13/2017,8:02,20084043,Ancho Chipotle Chicken Panini ,1,7,7,,,            
132,11111,11/13/2017,8:04,20084043,Ancho Chipotle Chicken Panini ,1,7,7,,,            
133,11111,11/13/2017,8:06,20083518,Carved Ham & Swiss Breakfast Sandwich,1,3.25,3.25,,,            
134,11111,11/13/2017,8:06,20083518,Carved Ham & Swiss Breakfast Sandwich,1,3.25,3.25,,,            
135,11111,11/13/2017,8:07,20084011,Double-Smoked Bacon,1,3.75,3.75,,,            
136,11111,11/13/2017,8:07,20084011,Double-Smoked Bacon,1,3.75,3.75,,,            
137,11111,11/13/2017,8:07,20084017,Hearty Blueberry Oatmeal,1,3.75,3.75,,,            
138,11111,11/13/2017,8:07,20084260,Candy Cane Whoopie Pie,1,3.25,3.25,,,            
139,11111,11/13/2017,8:09,20084016,Spicy Chorizo,1,3.75,3.75,,,            
140,11111,11/13/2017,8:09,20084260,Candy Cane Whoopie Pie,1,3.25,3.25,,,            
141,11111,11/13/2017,8:13,20084038,Chewy Chocolate Cookie,1,7,7,,,            
142,11111,11/13/2017,8:13,20084462,Blueberry Muffin with Yogurt and Honey,1,3.25,3.25,,,            
143,11111,11/13/2017,8:14,20084044,Egg Salad Sandwich,1,7,7,,,            
144,11111,11/13/2017,8:14,20084044,Egg Salad Sandwich,1,7,7,,,            
145,11111,11/13/2017,8:15,20084015,Sous Vide Egg Bites: Bacon & Gruyere,1,3.5,3.5,,,            
146,11111,11/13/2017,8:16,20084038,Chewy Chocolate Cookie,1,7,7,,,            
147,11111,11/13/2017,8:16,20084017,Hearty Blueberry Oatmeal,1,3.75,3.75,,,            
148,11111,11/13/2017,8:18,20084038,Chewy Chocolate Cookie,1,7,7,,,            
149,11111,11/13/2017,8:18,20084011,Double-Smoked Bacon,1,3.75,3.75,,,            
150,11111,11/13/2017,8:18,20084014,Seared Steak,1,3.75,3.75,,,            
151,11111,11/13/2017,8:19,20084038,Chewy Chocolate Cookie,1,7,7,,,            
152,11111,11/13/2017,8:19,20084014,Seared Steak,1,3.75,3.75,,,            
153,11111,11/13/2017,8:19,20084017,Hearty Blueberry Oatmeal,1,3.75,3.75,,,            
154,11111,11/13/2017,8:19,20084462,Blueberry Muffin with Yogurt and Honey,1,3.25,3.25,,,            
155,11111,11/13/2017,8:21,20084019,Caramelized Apple Pound Cake,1,3,3,,,            
156,11111,11/13/2017,8:22,20084462,Blueberry Muffin with Yogurt and Honey,1,3.25,3.25,,,            
157,11111,11/13/2017,8:24,20083518,Carved Ham & Swiss Breakfast Sandwich,1,3.25,3.25,,,            
158,11111,11/13/2017,8:24,20084011,Double-Smoked Bacon,1,3.75,3.75,,,            
159,11111,11/13/2017,8:24,20084017,Hearty Blueberry Oatmeal,1,3.75,3.75,,,            
160,11111,11/13/2017,8:24,20084462,Blueberry Muffin with Yogurt and Honey,1,3.25,3.25,,,            
161,11111,11/13/2017,8:25,20084014,Seared Steak,1,3.75,3.75,,,            
162,11111,11/13/2017,8:26,20083518,Carved Ham & Swiss Breakfast Sandwich,1,3.25,3.25,,,            
163,11111,11/13/2017,8:26,20084015,Sous Vide Egg Bites: Bacon & Gruyere,1,3.5,3.5,,,            
164,11111,11/13/2017,8:29,20083518,Carved Ham & Swiss Breakfast Sandwich,1,3.25,3.25,,,            
165,11111,11/13/2017,8:29,20083518,Carved Ham & Swiss Breakfast Sandwich,1,3.25,3.25,,,            
166,11111,11/13/2017,8:29,20083518,Carved Ham & Swiss Breakfast Sandwich,1,3.25,3.25,,,            
167,11111,11/13/2017,8:29,20083518,Carved Ham & Swiss Breakfast Sandwich,1,3.25,3.25,,,            
168,11111,11/13/2017,8:29,20083518,Carved Ham & Swiss Breakfast Sandwich,1,3.25,3.25,,,            
169,11111,11/13/2017,8:29,20084011,Double-Smoked Bacon,1,3.75,3.75,,,            
170,11111,11/13/2017,8:29,20084011,Double-Smoked Bacon,1,3.75,3.75,,,            
171,11111,11/13/2017,8:29,20084015,Sous Vide Egg Bites: Bacon & Gruyere,1,3.5,3.5,,,            
172,11111,11/13/2017,8:29,20084015,Sous Vide Egg Bites: Bacon & Gruyere,1,3.5,3.5,,,             
173,11111,11/13/2017,8:29,20084015,Sous Vide Egg Bites: Bacon & Gruyere,1,3.5,3.5,,,            
174,11111,11/13/2017,8:29,20084016,Spicy Chorizo,1,3.75,3.75,,,            
175,11111,11/13/2017,8:29,20084016,Spicy Chorizo,1,3.75,3.75,,,            
176,11111,11/13/2017,8:29,20084462,Blueberry Muffin with Yogurt and Honey,1,3.25,3.25,,,            
177,11111,11/13/2017,8:29,20084462,Blueberry Muffin with Yogurt and Honey,1,3.25,3.25,,,            
178,11111,11/13/2017,8:32,20083518,Carved Ham & Swiss Breakfast Sandwich,1,3.25,3.25,,,            
179,11111,11/13/2017,8:32,20083518,Carved Ham & Swiss Breakfast Sandwich,1,3.25,3.25,,,            
180,11111,11/13/2017,8:32,20084038,Chewy Chocolate Cookie,1,7,7,,,            
181,11111,11/13/2017,8:32,20084038,Chewy Chocolate Cookie,1,7,7,,,            
182,11111,11/13/2017,8:32,20084038,Chewy Chocolate Cookie,1,7,7,,,            
183,11111,11/13/2017,8:32,20084011,Double-Smoked Bacon,1,3.75,3.75,,,            
184,11111,11/13/2017,8:32,20084011,Double-Smoked Bacon,1,3.75,3.75,,,            
185,11111,11/13/2017,8:32,20084015,Sous Vide Egg Bites: Bacon & Gruyere,1,3.5,3.5,,,            
186,11111,11/13/2017,8:32,20084015,Sous Vide Egg Bites: Bacon & Gruyere,1,3.5,3.5,,,            
187,11111,11/13/2017,8:32,20084017,Hearty Blueberry Oatmeal,1,3.75,3.75,,,            
188,11111,11/13/2017,8:32,20084017,Hearty Blueberry Oatmeal,1,3.75,3.75,,,            
189,11111,11/13/2017,8:32,20084018,Almond Croissant,1,3.75,3.75,,,            
190,11111,11/13/2017,8:32,20084018,Almond Croissant,1,3.75,3.75,,,            
191,11111,11/13/2017,8:32,20084260,Candy Cane Whoopie Pie,1,3.25,3.25,,,            
192,11111,11/13/2017,8:32,20084260,Candy Cane Whoopie Pie,1,3.25,3.25,,,            
193,11111,11/13/2017,8:32,20084043,Ancho Chipotle Chicken Panini ,1,7,7,,,            
194,11111,11/13/2017,8:32,20084043,Ancho Chipotle Chicken Panini ,1,7,7,,,            
195,11111,11/13/2017,8:32,20084043,Ancho Chipotle Chicken Panini ,1,7,7,,,            
196,11111,11/13/2017,8:32,20084044,Egg Salad Sandwich,1,7,7,,,            
197,11111,11/13/2017,8:32,20084044,Egg Salad Sandwich,1,7,7,,,            
198,11111,11/13/2017,8:32,20084044,Egg Salad Sandwich,1,7,7,,,            
199,11111,11/13/2017,8:34,20084011,Double-Smoked Bacon,1,3.75,3.75,,,            
200,11111,11/13/2017,8:34,20084036,Pumpkin Cheesecake Bar,1,7.25,7.25,,,            
201,11111,11/13/2017,8:35,20084038,Chewy Chocolate Cookie,1,7,7,,,             
202,11111,11/13/2017,8:35,20084016,Spicy Chorizo,1,3.75,3.75,,,            
203,11111,11/13/2017,8:36,20084043,Ancho Chipotle Chicken Panini ,1,7,7,,,            
204,11111,11/13/2017,8:38,20084011,Double-Smoked Bacon,1,3.75,3.75,,,            
205,11111,11/13/2017,8:38,20084017,Hearty Blueberry Oatmeal,1,3.75,3.75,,,            
206,11111,11/13/2017,8:38,20084462,Blueberry Muffin with Yogurt and Honey,1,3.25,3.25,,,            
207,11111,11/13/2017,8:38,20084043,Ancho Chipotle Chicken Panini ,1,7,7,,,            
208,11111,11/13/2017,8:38,20084043,Ancho Chipotle Chicken Panini ,1,7,7,,,            
209,11111,11/13/2017,8:39,20084019,Caramelized Apple Pound Cake,1,3,3,,,            
210,11111,11/13/2017,8:39,20084011,Double-Smoked Bacon,1,3.75,3.75,,,            
211,11111,11/13/2017,8:39,20084015,Sous Vide Egg Bites: Bacon & Gruyere,1,3.5,3.5,,,            
212,11111,11/13/2017,8:39,20084018,Almond Croissant,1,3.75,3.75,,,           
213,11111,11/13/2017,8:39,20084035,Fox Cookie,1,3.75,3.75,,,            
214,11111,11/13/2017,8:39,20084043,Ancho Chipotle Chicken Panini ,1,7,7,,,            
215,11111,11/13/2017,8:40,20084019,Caramelized Apple Pound Cake,1,3,3,,,            
216,11111,11/13/2017,8:40,20084022,Chocolate Chip Cookie,1,3,3,,,           
217,11111,11/13/2017,8:42,20083518,Carved Ham & Swiss Breakfast Sandwich,1,3.25,3.25,,,            
218,11111,11/13/2017,8:42,20084014,Seared Steak,1,3.75,3.75,,,            
219,11111,11/13/2017,8:44,20083518,Carved Ham & Swiss Breakfast Sandwich,1,3.25,3.25,,,            
220,11111,11/13/2017,8:45,20084038,Chewy Chocolate Cookie,1,7,7,,,            
221,11111,11/13/2017,8:45,20084043,Ancho Chipotle Chicken Panini ,1,7,7,,,            
222,11111,11/13/2017,8:46,20084015,Sous Vide Egg Bites: Bacon & Gruyere,1,3.5,3.5,,,            
223,11111,11/13/2017,8:46,20084043,Ancho Chipotle Chicken Panini ,1,7,7,,,            
224,11111,11/13/2017,8:46,20084044,Egg Salad Sandwich,1,7,7,,,            
225,11111,11/13/2017,8:50,20084015,Sous Vide Egg Bites: Bacon & Gruyere,1,3.5,3.5,,,            
226,11111,11/13/2017,8:50,20084044,Egg Salad Sandwich,1,7,7,,,            
227,11111,11/13/2017,8:54,20084019,Caramelized Apple Pound Cake,1,3,3,,,             
228,11111,11/13/2017,8:54,20084016,Spicy Chorizo,1,3.75,3.75,,,            
229,11111,11/13/2017,8:54,20084036,Pumpkin Cheesecake Bar,1,7.25,7.25,,,            
230,11111,11/13/2017,8:55,20084022,Chocolate Chip Cookie,1,3,3,,,            
231,11111,11/13/2017,8:58,20084043,Ancho Chipotle Chicken Panini ,1,7,7,,,            
232,11111,11/13/2017,9:00,20084017,Hearty Blueberry Oatmeal,1,3.75,3.75,,,            
233,11111,11/13/2017,9:01,20083518,Carved Ham & Swiss Breakfast Sandwich,1,3.25,3.25,,,            
234,11111,11/13/2017,9:01,20084043,Ancho Chipotle Chicken Panini ,1,7,7,,,            
235,11111,11/13/2017,9:02,20083518,Carved Ham & Swiss Breakfast Sandwich,1,3.25,3.25,,,            
236,11111,11/13/2017,9:02,20084014,Seared Steak,1,3.75,3.75,,,            
237,11111,11/13/2017,9:02,20084016,Spicy Chorizo,1,3.75,3.75,,,            
238,11111,11/13/2017,9:02,20084016,Spicy Chorizo,1,3.75,3.75,,,            
239,11111,11/13/2017,9:03,20084011,Double-Smoked Bacon,1,3.75,3.75,,,            
240,11111,11/13/2017,9:03,20084016,Spicy Chorizo,1,3.75,3.75,,,            
241,11111,11/13/2017,9:04,20084038,Chewy Chocolate Cookie,1,7,7,,,            
242,11111,11/13/2017,9:06,20084044,Egg Salad Sandwich,1,7,7,,,            
243,11111,11/13/2017,9:10,20084043,Ancho Chipotle Chicken Panini ,1,7,7,,,            
244,11111,11/13/2017,9:11,20084014,Seared Steak,1,3.75,3.75,,,            
245,11111,11/13/2017,9:11,20084014,Seared Steak,1,3.75,3.75,,,            
246,11111,11/13/2017,9:11,20084462,Blueberry Muffin with Yogurt and Honey,1,3.25,3.25,,,            
247,11111,11/13/2017,9:14,20083518,Carved Ham & Swiss Breakfast Sandwich,1,3.25,3.25,,,            
248,11111,11/13/2017,9:14,20084034,Cranberry Bliss Bar® Tray,1,3.75,3.75,,,            
249,11111,11/13/2017,9:15,20083518,Carved Ham & Swiss Breakfast Sandwich,1,3.25,3.25,,,            
250,11111,11/13/2017,9:15,20084019,Caramelized Apple Pound Cake,1,3,3,,,            
251,11111,11/13/2017,9:15,20084011,Double-Smoked Bacon,1,3.75,3.75,,,            
252,11111,11/13/2017,9:15,20084014,Seared Steak,1,3.75,3.75,,,            
253,11111,11/13/2017,9:15,20084014,Seared Steak,1,3.75,3.75,,,            
254,11111,11/13/2017,9:15,20084015,Sous Vide Egg Bites: Bacon & Gruyere,1,3.5,3.5,,,            
255,11111,11/13/2017,9:15,20084017,Hearty Blueberry Oatmeal,1,3.75,3.75,,,            
256,11111,11/13/2017,9:15,20084018,Almond Croissant,1,3.75,3.75,,,            
257,11111,11/13/2017,9:15,20084260,Candy Cane Whoopie Pie,1,3.25,3.25,,,            
258,11111,11/13/2017,9:15,20084462,Blueberry Muffin with Yogurt and Honey,1,3.25,3.25,,,            
259,11111,11/13/2017,9:15,20084034,Cranberry Bliss Bar® Tray,1,3.75,3.75,,,           
260,11111,11/13/2017,9:16,20083518,Carved Ham & Swiss Breakfast Sandwich,1,3.25,3.25,,,             
261,11111,11/13/2017,9:19,20084018,Almond Croissant,1,3.75,3.75,,,            
262,11111,11/13/2017,9:19,20084043,Ancho Chipotle Chicken Panini ,1,7,7,,,           
263,11111,11/13/2017,9:20,20083518,Carved Ham & Swiss Breakfast Sandwich,1,3.25,3.25,,,            
264,11111,11/13/2017,9:20,20083518,Carved Ham & Swiss Breakfast Sandwich,1,3.25,3.25,,,            
265,11111,11/13/2017,9:20,20083518,Carved Ham & Swiss Breakfast Sandwich,1,3.25,3.25,,,            
266,11111,11/13/2017,9:20,20084019,Caramelized Apple Pound Cake,1,3,3,,,            
267,11111,11/13/2017,9:20,20084019,Caramelized Apple Pound Cake,1,3,3,,,            
268,11111,11/13/2017,9:20,20084019,Caramelized Apple Pound Cake,1,3,3,,,           
269,11111,11/13/2017,9:20,20084014,Seared Steak,1,3.75,3.75,,,            
270,11111,11/13/2017,9:20,20084014,Seared Steak,1,3.75,3.75,,,            
271,11111,11/13/2017,9:20,20084462,Blueberry Muffin with Yogurt and Honey,1,3.25,3.25,,,            
272,11111,11/13/2017,9:20,20084462,Blueberry Muffin with Yogurt and Honey,1,3.25,3.25,,,            
273,11111,11/13/2017,9:20,20084462,Blueberry Muffin with Yogurt and Honey,1,3.25,3.25,,,            
274,11111,11/13/2017,9:20,20084462,Blueberry Muffin with Yogurt and Honey,1,3.25,3.25,,,            
275,11111,11/13/2017,9:20,20084043,Ancho Chipotle Chicken Panini ,1,7,7,,,            
276,11111,11/13/2017,9:20,20084043,Ancho Chipotle Chicken Panini ,1,7,7,,,            
277,11111,11/13/2017,9:20,20084043,Ancho Chipotle Chicken Panini ,1,7,7,,,            
278,11111,11/13/2017,9:20,20084043,Ancho Chipotle Chicken Panini ,1,7,7,,,            
279,11111,11/13/2017,9:22,20084018,Almond Croissant,1,3.75,3.75,,,            
280,11111,11/13/2017,9:22,20084043,Ancho Chipotle Chicken Panini ,1,7,7,,,            
281,11111,11/13/2017,9:25,20084017,Hearty Blueberry Oatmeal,1,3.75,3.75,,,            
282,11111,11/13/2017,9:26,20083518,Carved Ham & Swiss Breakfast Sandwich,1,3.25,3.25,,,            
283,11111,11/13/2017,9:26,20083518,Carved Ham & Swiss Breakfast Sandwich,1,3.25,3.25,,,            
284,11111,11/13/2017,9:26,20083518,Carved Ham & Swiss Breakfast Sandwich,1,3.25,3.25,,,            
285,11111,11/13/2017,9:26,20084038,Chewy Chocolate Cookie,1,7,7,,,            
286,11111,11/13/2017,9:26,20084036,Pumpkin Cheesecake Bar,1,7.25,7.25,,,            
287,11111,11/13/2017,9:32,20084019,Caramelized Apple Pound Cake,1,3,3,,,           
288,11111,11/13/2017,9:32,20084016,Spicy Chorizo,1,3.75,3.75,,,            
289,11111,11/13/2017,9:32,20084022,Chocolate Chip Cookie,1,3,3,,,            
290,11111,11/13/2017,9:32,20084022,Chocolate Chip Cookie,1,3,3,,,            
291,11111,11/13/2017,9:32,20084462,Blueberry Muffin with Yogurt and Honey,1,3.25,3.25,,,            
292,11111,11/13/2017,9:32,20084034,Cranberry Bliss Bar® Tray,1,3.75,3.75,,,            
293,11111,11/13/2017,9:32,20084043,Ancho Chipotle Chicken Panini ,1,7,7,,,            
294,11111,11/13/2017,9:32,20084044,Egg Salad Sandwich,1,7,7,,,            
295,11111,11/13/2017,9:41,20084019,Caramelized Apple Pound Cake,1,3,3,,,            
296,11111,11/13/2017,9:41,20084014,Seared Steak,1,3.75,3.75,,,            
297,11111,11/13/2017,9:43,20084038,Chewy Chocolate Cookie,1,7,7,,,            
298,11111,11/13/2017,9:44,20084016,Spicy Chorizo,1,3.75,3.75,,,            
299,11111,11/13/2017,9:45,20083518,Carved Ham & Swiss Breakfast Sandwich,1,3.25,3.25,,,            
300,11111,11/13/2017,9:45,20084043,Ancho Chipotle Chicken Panini ,1,7,7,,,            
301,11111,11/13/2017,9:46,20084038,Chewy Chocolate Cookie,1,7,7,,,           
302,11111,11/13/2017,9:47,20084016,Spicy Chorizo,1,3.75,3.75,,,            
303,11111,11/13/2017,9:47,20084018,Almond Croissant,1,3.75,3.75,,,            
304,11111,11/13/2017,9:50,20084043,Ancho Chipotle Chicken Panini ,1,7,7,,,            
305,11111,11/13/2017,9:53,20084462,Blueberry Muffin with Yogurt and Honey,1,3.25,3.25,,,            
306,11111,11/13/2017,9:54,20084034,Cranberry Bliss Bar® Tray,1,3.75,3.75,,,            
307,11111,11/13/2017,9:54,20084043,Ancho Chipotle Chicken Panini ,1,7,7,,,            
308,11111,11/13/2017,9:58,20084044,Egg Salad Sandwich,1,7,7,,,            
309,11111,11/13/2017,9:59,20084019,Caramelized Apple Pound Cake,1,3,3,,,           
310,11111,11/13/2017,9:59,20084019,Caramelized Apple Pound Cake,1,3,3,,,            
311,11111,11/13/2017,9:59,20084019,Caramelized Apple Pound Cake,1,3,3,,,            
312,11111,11/13/2017,9:59,20084016,Spicy Chorizo,1,3.75,3.75,,,            
313,11111,11/13/2017,9:59,20084016,Spicy Chorizo,1,3.75,3.75,,,            
314,11111,11/13/2017,9:59,20084034,Cranberry Bliss Bar® Tray,1,3.75,3.75,,,            
315,11111,11/13/2017,9:59,20084034,Cranberry Bliss Bar® Tray,1,3.75,3.75,,,            
316,11111,11/13/2017,9:59,20084035,Fox Cookie,1,3.75,3.75,,,            
317,11111,11/13/2017,9:59,20084035,Fox Cookie,1,3.75,3.75,,,           
318,11111,11/13/2017,9:59,20084035,Fox Cookie,1,3.75,3.75,,,            
319,11111,11/13/2017,9:59,20084035,Fox Cookie,1,3.75,3.75,,,            
320,11111,11/13/2017,10:03,20084011,Double-Smoked Bacon,1,3.75,3.75,,,            
321,11111,11/13/2017,10:05,20084038,Chewy Chocolate Cookie,1,7,7,,,            
322,11111,11/13/2017,10:05,20084014,Seared Steak,1,3.75,3.75,,,            
323,11111,11/13/2017,10:06,20084011,Double-Smoked Bacon,1,3.75,3.75,,,            
324,11111,11/13/2017,10:06,20084014,Seared Steak,1,3.75,3.75,,,            
325,11111,11/13/2017,10:07,20084022,Chocolate Chip Cookie,1,3,3,,,            
326,11111,11/13/2017,10:08,20084011,Double-Smoked Bacon,1,3.75,3.75,,,            
327,11111,11/13/2017,10:08,20084014,Seared Steak,1,3.75,3.75,,,            
328,11111,11/13/2017,10:08,20084016,Spicy Chorizo,1,3.75,3.75,,,           
329,11111,11/13/2017,10:08,20084018,Almond Croissant,1,3.75,3.75,,,            
330,11111,11/13/2017,10:08,20084462,Blueberry Muffin with Yogurt and Honey,1,3.25,3.25,,,           
331,11111,11/13/2017,10:08,20084036,Pumpkin Cheesecake Bar,1,7.25,7.25,,,            
332,11111,11/13/2017,10:10,20084038,Chewy Chocolate Cookie,1,7,7,,,            
333,11111,11/13/2017,10:10,20084036,Pumpkin Cheesecake Bar,1,7.25,7.25,,,            
334,11111,11/13/2017,10:11,20084036,Pumpkin Cheesecake Bar,1,7.25,7.25,,,            
335,11111,11/13/2017,10:13,20084044,Egg Salad Sandwich,1,7,7,,,            
336,11111,11/13/2017,10:15,20084015,Sous Vide Egg Bites: Bacon & Gruyere,1,3.5,3.5,,,            
337,11111,11/13/2017,10:17,20084019,Caramelized Apple Pound Cake,1,3,3,,,            
338,11111,11/13/2017,10:19,20084019,Caramelized Apple Pound Cake,1,3,3,,,            
339,11111,11/13/2017,10:19,20084015,Sous Vide Egg Bites: Bacon & Gruyere,1,3.5,3.5,,,            
340,11111,11/13/2017,10:23,20084016,Spicy Chorizo,1,3.75,3.75,,,            
341,11111,11/13/2017,10:23,20084022,Chocolate Chip Cookie,1,3,3,,,            
342,11111,11/13/2017,10:25,20083518,Carved Ham & Swiss Breakfast Sandwich,1,3.25,3.25,,,            
343,11111,11/13/2017,10:26,20084044,Egg Salad Sandwich,1,7,7,,,            
344,11111,11/13/2017,10:27,20083518,Carved Ham & Swiss Breakfast Sandwich,1,3.25,3.25,,,            
345,11111,11/13/2017,10:27,20084011,Double-Smoked Bacon,1,3.75,3.75,,,            
346,11111,11/13/2017,10:27,20084016,Spicy Chorizo,1,3.75,3.75,,,            
347,11111,11/13/2017,10:27,20084260,Candy Cane Whoopie Pie,1,3.25,3.25,,,            
348,11111,11/13/2017,10:31,20084016,Spicy Chorizo,1,3.75,3.75,,,            
349,11111,11/13/2017,10:32,20084043,Ancho Chipotle Chicken Panini ,1,7,7,,,            
350,11111,11/13/2017,10:32,20084043,Ancho Chipotle Chicken Panini ,1,7,7,,,            
351,11111,11/13/2017,10:33,20083518,Carved Ham & Swiss Breakfast Sandwich,1,3.25,3.25,,,            
352,11111,11/13/2017,10:34,20084016,Spicy Chorizo,1,3.75,3.75,,,            
353,11111,11/13/2017,10:34,20084016,Spicy Chorizo,1,3.75,3.75,,,            
354,11111,11/13/2017,10:34,20084462,Blueberry Muffin with Yogurt and Honey,1,3.25,3.25,,,            
355,11111,11/13/2017,10:35,20084014,Seared Steak,1,3.75,3.75,,,            
356,11111,11/13/2017,10:35,20084014,Seared Steak,1,3.75,3.75,,,            
357,11111,11/13/2017,10:35,20084462,Blueberry Muffin with Yogurt and Honey,1,3.25,3.25,,,            
358,11111,11/13/2017,10:35,20084043,Ancho Chipotle Chicken Panini ,1,7,7,,,            
359,11111,11/13/2017,10:35,20084043,Ancho Chipotle Chicken Panini ,1,7,7,,,            
360,11111,11/13/2017,10:36,20084044,Egg Salad Sandwich,1,7,7,,,            
361,11111,11/13/2017,10:37,20084044,Egg Salad Sandwich,1,7,7,,,            
362,11111,11/13/2017,10:38,20084043,Ancho Chipotle Chicken Panini ,1,7,7,,,            
363,11111,11/13/2017,10:38,20084044,Egg Salad Sandwich,1,7,7,,,            
364,11111,11/13/2017,10:47,20084032,Chocolate Marble Loaf Cake,1,3.75,3.75,,,            
365,11111,11/13/2017,10:49,20084011,Double-Smoked Bacon,1,3.75,3.75,,,            
366,11111,11/13/2017,10:49,20084011,Double-Smoked Bacon,1,3.75,3.75,,,            
367,11111,11/13/2017,10:53,20084018,Almond Croissant,1,3.75,3.75,,,            
368,11111,11/13/2017,10:53,20084018,Almond Croissant,1,3.75,3.75,,,            
369,11111,11/13/2017,10:54,20084014,Seared Steak,1,3.75,3.75,,,            
370,11111,11/13/2017,10:56,20083518,Carved Ham & Swiss Breakfast Sandwich,1,3.25,3.25,,,            
371,11111,11/13/2017,10:56,20083518,Carved Ham & Swiss Breakfast Sandwich,1,3.25,3.25,,,            
372,11111,11/13/2017,10:56,20084019,Caramelized Apple Pound Cake,1,3,3,,,            
373,11111,11/13/2017,10:56,20084015,Sous Vide Egg Bites: Bacon & Gruyere,1,3.5,3.5,,,            
374,11111,11/13/2017,10:58,20084016,Spicy Chorizo,1,3.75,3.75,,,            
375,11111,11/13/2017,10:58,20084018,Almond Croissant,1,3.75,3.75,,,            
376,11111,11/13/2017,10:59,20083518,Carved Ham & Swiss Breakfast Sandwich,1,3.25,3.25,,,            
377,11111,11/13/2017,10:59,20084011,Double-Smoked Bacon,1,3.75,3.75,,,            
378,11111,11/13/2017,10:59,20084014,Seared Steak,1,3.75,3.75,,,            
379,11111,11/13/2017,10:59,20084014,Seared Steak,1,3.75,3.75,,,            
380,11111,11/13/2017,10:59,20084016,Spicy Chorizo,1,3.75,3.75,,,            
381,11111,11/13/2017,10:59,20084022,Chocolate Chip Cookie,1,3,3,,,            
382,11111,11/13/2017,10:59,20084036,Pumpkin Cheesecake Bar,1,7.25,7.25,,,           
383,11111,11/13/2017,11:00,20084036,Pumpkin Cheesecake Bar,1,7.25,7.25,,,            
384,11111,11/13/2017,11:01,20084016,Spicy Chorizo,1,3.75,3.75,,,            
385,11111,11/13/2017,11:02,20084016,Spicy Chorizo,1,3.75,3.75,,,            
386,11111,11/13/2017,11:03,20084032,Chocolate Marble Loaf Cake,1,3.75,3.75,,,            
387,11111,11/13/2017,11:04,20084011,Double-Smoked Bacon,1,3.75,3.75,,,            
388,11111,11/13/2017,11:04,20084014,Seared Steak,1,3.75,3.75,,,            
389,11111,11/13/2017,11:05,20084011,Double-Smoked Bacon,1,3.75,3.75,,,            
390,11111,11/13/2017,11:08,20084016,Spicy Chorizo,1,3.75,3.75,,,             
391,11111,11/13/2017,11:08,20084036,Pumpkin Cheesecake Bar,1,7.25,7.25,,,            
392,11111,11/13/2017,11:12,20084022,Chocolate Chip Cookie,1,3,3,,,            
393,11111,11/13/2017,11:12,20084032,Chocolate Marble Loaf Cake,1,3.75,3.75,,,            
394,11111,11/13/2017,11:15,20084014,Seared Steak,1,3.75,3.75,,,            
395,11111,11/13/2017,11:23,20084032,Chocolate Marble Loaf Cake,1,3.75,3.75,,,            
396,11111,11/13/2017,11:26,20084019,Caramelized Apple Pound Cake,1,3,3,,,            
397,11111,11/13/2017,11:27,20083518,Carved Ham & Swiss Breakfast Sandwich,1,3.25,3.25,,,            
398,11111,11/13/2017,11:27,20084015,Sous Vide Egg Bites: Bacon & Gruyere,1,3.5,3.5,,,            
399,11111,11/13/2017,11:30,20084016,Spicy Chorizo,1,3.75,3.75,,,            
400,11111,11/13/2017,11:30,20084462,Blueberry Muffin with Yogurt and Honey,1,3.25,3.25,,,            
401,11111,11/13/2017,11:30,20084034,Cranberry Bliss Bar® Tray,1,3.75,3.75,,,            
402,11111,11/13/2017,11:35,20084015,Sous Vide Egg Bites: Bacon & Gruyere,1,3.5,3.5,,,            
403,11111,11/13/2017,11:36,20084019,Caramelized Apple Pound Cake,1,3,3,,,            
404,11111,11/13/2017,11:41,20084462,Blueberry Muffin with Yogurt and Honey,1,3.25,3.25,,,            
405,11111,11/13/2017,11:49,20084016,Spicy Chorizo,1,3.75,3.75,,,            
406,11111,11/13/2017,11:49,20084018,Almond Croissant,1,3.75,3.75,,,            
407,11111,11/13/2017,11:51,20084066,Cookie Butter Bar,1,7.5,7.5,,,            
408,11111,11/13/2017,11:51,20084016,Spicy Chorizo,1,3.75,3.75,,,            
409,11111,11/13/2017,11:51,20084022,Chocolate Chip Cookie,1,3,3,,,            
410,11111,11/13/2017,11:51,20084462,Blueberry Muffin with Yogurt and Honey,1,3.25,3.25,,,            
411,11111,11/13/2017,11:52,20083518,Carved Ham & Swiss Breakfast Sandwich,1,3.25,3.25,,,            
412,11111,11/13/2017,11:52,20084015,Sous Vide Egg Bites: Bacon & Gruyere,1,3.5,3.5,,,            
413,11111,11/13/2017,11:54,20084015,Sous Vide Egg Bites: Bacon & Gruyere,1,3.5,3.5,,,            
414,11111,11/13/2017,11:56,20084019,Caramelized Apple Pound Cake,1,3,3,,,            
415,11111,11/13/2017,12:00,20084022,Chocolate Chip Cookie,1,3,3,,,            
416,11111,11/13/2017,12:10,20084011,Double-Smoked Bacon,1,3.75,3.75,,,           
417,11111,11/13/2017,12:10,20084016,Spicy Chorizo,1,3.75,3.75,,,           
418,11111,11/13/2017,12:12,20084066,Cookie Butter Bar,1,7.5,7.5,,,            
419,11111,11/13/2017,12:41,20084032,Chocolate Marble Loaf Cake,1,3.75,3.75,,,            
420,11111,11/13/2017,12:50,20084016,Spicy Chorizo,1,3.75,3.75,,,            
421,11111,11/13/2017,12:59,20084022,Chocolate Chip Cookie,1,3,3,,,            
422,11111,11/13/2017,13:00,20084016,Spicy Chorizo,1,3.75,3.75,,,           
423,11111,11/13/2017,13:00,20084032,Chocolate Marble Loaf Cake,1,3.75,3.75,,,            
424,11111,11/13/2017,13:14,20084022,Chocolate Chip Cookie,1,3,3,,,            
425,11111,11/13/2017,13:14,20084034,Cranberry Bliss Bar® Tray,1,3.75,3.75,,,            
426,11111,11/13/2017,13:17,20084015,Sous Vide Egg Bites: Bacon & Gruyere,1,3.5,3.5,,,            
427,11111,11/13/2017,13:17,20084034,Cranberry Bliss Bar® Tray,1,3.75,3.75,,,            
428,11111,11/13/2017,13:24,20084462,Blueberry Muffin with Yogurt and Honey,1,3.25,3.25,,,            
429,11111,11/13/2017,13:27,20084066,Cookie Butter Bar,1,7.5,7.5,,,            
430,11111,11/13/2017,13:28,20084066,Cookie Butter Bar,1,7.5,7.5,,,            
431,11111,11/13/2017,13:31,20084066,Cookie Butter Bar,1,7.5,7.5,,,            
432,11111,11/13/2017,13:40,20084032,Chocolate Marble Loaf Cake,1,3.75,3.75,,,            
433,11111,11/13/2017,13:43,20084016,Spicy Chorizo,1,3.75,3.75,,,            
434,11111,11/13/2017,13:43,20084032,Chocolate Marble Loaf Cake,1,3.75,3.75,,,             
435,11111,11/13/2017,13:48,20084035,Fox Cookie,1,3.75,3.75,,,            
436,11111,11/13/2017,13:53,20084066,Cookie Butter Bar,1,7.5,7.5,,,            
437,11111,11/13/2017,14:02,20084011,Double-Smoked Bacon,1,3.75,3.75,,,            
438,11111,11/13/2017,14:04,20084066,Cookie Butter Bar,1,7.5,7.5,,,            
439,11111,11/13/2017,14:13,20084462,Blueberry Muffin with Yogurt and Honey,1,3.25,3.25,,,           
440,11111,11/13/2017,14:14,20084066,Cookie Butter Bar,1,7.5,7.5,,,            
441,11111,11/13/2017,14:14,20084022,Chocolate Chip Cookie,1,3,3,,,            
442,11111,11/13/2017,14:14,20084034,Cranberry Bliss Bar® Tray,1,3.75,3.75,,,            
443,11111,11/13/2017,14:18,20084032,Chocolate Marble Loaf Cake,1,3.75,3.75,,,           
444,11111,11/13/2017,14:24,20084066,Cookie Butter Bar,1,7.5,7.5,,,            
445,11111,11/13/2017,14:35,20084260,Candy Cane Whoopie Pie,1,3.25,3.25,,,            
446,11111,11/13/2017,14:36,20084032,Chocolate Marble Loaf Cake,1,3.75,3.75,,,            
447,11111,11/13/2017,14:40,20084011,Double-Smoked Bacon,1,3.75,3.75,,,             
448,11111,11/13/2017,14:41,20084066,Cookie Butter Bar,1,7.5,7.5,,,            
449,11111,11/13/2017,14:42,20084035,Fox Cookie,1,3.75,3.75,,,            
450,11111,11/13/2017,14:43,20084022,Chocolate Chip Cookie,1,3,3,,,            
451,11111,11/13/2017,14:58,20084022,Chocolate Chip Cookie,1,3,3,,,            
452,11111,11/13/2017,15:02,20084015,Sous Vide Egg Bites: Bacon & Gruyere,1,3.5,3.5,,,            
453,11111,11/13/2017,15:03,20084035,Fox Cookie,1,3.75,3.75,,,            
454,11111,11/13/2017,15:05,20084035,Fox Cookie,1,3.75,3.75,,,            
455,11111,11/13/2017,15:09,20084034,Cranberry Bliss Bar® Tray,1,3.75,3.75,,,            
456,11111,11/13/2017,15:23,20084260,Candy Cane Whoopie Pie,1,3.25,3.25,,,            
457,11111,11/13/2017,15:24,20084032,Chocolate Marble Loaf Cake,1,3.75,3.75,,,            
458,11111,11/13/2017,15:26,20084022,Chocolate Chip Cookie,1,3,3,,,            
459,11111,11/13/2017,15:35,20084066,Cookie Butter Bar,1,7.5,7.5,,,            
460,11111,11/13/2017,15:52,20084260,Candy Cane Whoopie Pie,1,3.25,3.25,,,            
461,11111,11/13/2017,15:55,20084066,Cookie Butter Bar,1,7.5,7.5,,,            
462,11111,11/13/2017,15:55,20084066,Cookie Butter Bar,1,7.5,7.5,,,            
463,11111,11/13/2017,15:55,20084066,Cookie Butter Bar,1,7.5,7.5,,,            
464,11111,11/13/2017,15:59,20084066,Cookie Butter Bar,1,7.5,7.5,,,            
465,11111,11/13/2017,15:59,20084011,Double-Smoked Bacon,1,3.75,3.75,,,            
466,11111,11/13/2017,16:04,20084015,Sous Vide Egg Bites: Bacon & Gruyere,1,3.5,3.5,,,             
467,11111,11/13/2017,16:09,20084011,Double-Smoked Bacon,1,3.75,3.75,,,             
468,11111,11/13/2017,16:10,20084022,Chocolate Chip Cookie,1,3,3,,,            
469,11111,11/13/2017,16:15,20084011,Double-Smoked Bacon,1,3.75,3.75,,,            
470,11111,11/13/2017,16:16,20083518,Carved Ham & Swiss Breakfast Sandwich,1,3.25,3.25,,,            
471,11111,11/13/2017,16:16,20084462,Blueberry Muffin with Yogurt and Honey,2,3.25,7.5,,,            
472,11111,11/13/2017,16:58,20084034,Cranberry Bliss Bar® Tray,6,3.75,27.5,,,            
473,11111,11/13/2017,17:11,20084066,Cookie Butter Bar,1,7.5,7.5,,,            
474,11111,11/13/2017,17:32,20084066,Cookie Butter Bar,1,7.5,7.5,,,            
475,11111,11/13/2017,17:33,20084462,Blueberry Muffin with Yogurt and Honey,1,3.25,3.25,,,            
476,11111,11/13/2017,17:47,20084260,Candy Cane Whoopie Pie,1,3.25,3.25,,,            
477,11111,11/13/2017,17:47,20084260,Candy Cane Whoopie Pie,1,3.25,3.25,,,            
478,11111,11/13/2017,17:57,20084018,Almond Croissant,1,3.75,3.75,,,            
479,11111,11/13/2017,18:04,20084066,Cookie Butter Bar,1,7.5,7.5,,,            
480,11111,11/13/2017,18:04,20084066,Cookie Butter Bar,1,7.5,7.5,,,            
481,11111,11/13/2017,18:08,20084015,Sous Vide Egg Bites: Bacon & Gruyere,1,3.5,3.5,,,            
482,11111,11/13/2017,18:08,20084015,Sous Vide Egg Bites: Bacon & Gruyere,1,3.5,3.5,,,            
483,11111,11/13/2017,18:24,20084066,Cookie Butter Bar,1,7.5,7.5,,,            
484,11111,11/13/2017,18:24,20084066,Cookie Butter Bar,1,7.5,7.5,,,            
485,11111,11/13/2017,18:27,20084066,Cookie Butter Bar,1,7.5,7.5,,,            
486,11111,11/13/2017,18:34,20084016,Spicy Chorizo,1,3.75,3.75,,,            
487,11111,11/13/2017,18:36,20084066,Cookie Butter Bar,1,7.5,7.5,,,            
488,11111,11/13/2017,18:36,20084066,Cookie Butter Bar,1,7.5,7.5,,,            
489,11111,11/13/2017,18:43,20084022,Chocolate Chip Cookie,1,3,3,,,            
490,11111,11/13/2017,18:52,20084066,Cookie Butter Bar,1,7.5,7.5,,,            
491,11111,11/13/2017,18:52,20084462,Blueberry Muffin with Yogurt and Honey,1,3.25,3.25,,,            
492,11111,11/13/2017,18:52,20084462,Blueberry Muffin with Yogurt and Honey,1,3.25,3.25,,,            
493,11111,11/13/2017,19:04,20084036,Pumpkin Cheesecake Bar,1,7.25,7.25,,,            
494,11111,11/13/2017,19:06,20084066,Cookie Butter Bar,1,7.5,7.5,,,            
495,11111,11/13/2017,19:08,20084066,Cookie Butter Bar,1,7.5,7.5,,,            
496,11111,11/13/2017,19:17,20084066,Cookie Butter Bar,1,7.5,7.5,,,            
497,11111,11/13/2017,19:31,20084066,Cookie Butter Bar,1,7.5,7.5,,,            
498,11111,11/13/2017,19:43,20084066,Cookie Butter Bar,1,7.5,7.5,,,            
499,11111,11/13/2017,19:48,20084022,Chocolate Chip Cookie,1,3,3,,,            
500,11111,11/13/2017,19:51,20084022,Chocolate Chip Cookie,1,3,3,,,            
501,11111,11/13/2017,20:00,20084022,Chocolate Chip Cookie,1,3,3,,,            
502,11111,11/13/2017,20:01,20084022,Chocolate Chip Cookie,1,3,3,,,            
503,11111,11/13/2017,20:11,20083518,Carved Ham & Swiss Breakfast Sandwich,1,3.25,3.25,,,            
504,11111,11/13/2017,20:11,20084011,Double-Smoked Bacon,1,3.75,3.75,,,            
505,11111,11/13/2017,20:11,20084016,Spicy Chorizo,1,3.75,3.75,,,            
506,11111,11/13/2017,22:19,20084022,Chocolate Chip Cookie,1,3,3,,,            
507,22222,11/13/2017,6:53,20084260,Candy Cane Whoopie Pie,1,3.25,3.25,,,
508,22222,11/13/2017,7:02,20084016,Spicy Chorizo,1,3.75,3.75,,,            
509,22222,11/13/2017,7:04,20084043,Ancho Chipotle Chicken Panini ,1,7,7,,,            
510,22222,11/13/2017,7:08,20083518,Carved Ham & Swiss Breakfast Sandwich,1,3.25,3.25,,,            
511,22222,11/13/2017,7:16,20084014,Seared Steak,1,3.75,3.75,,,             
512,22222,11/13/2017,7:16,20084015,Sous Vide Egg Bites: Bacon & Gruyere,1,3.5,3.5,,,             
513,22222,11/13/2017,7:16,20084022,Chocolate Chip Cookie,1,3,3,,,             
514,22222,11/13/2017,7:17,20084043,Ancho Chipotle Chicken Panini ,1,7,7,,,            
515,22222,11/13/2017,7:19,20084044,Egg Salad Sandwich,1,7,7,,,            
516,22222,11/13/2017,7:20,20084038,Chewy Chocolate Cookie,1,7,7,,,            
517,22222,11/13/2017,7:20,20084014,Seared Steak,1,3.75,3.75,,,            
518,22222,11/13/2017,7:20,20084015,Sous Vide Egg Bites: Bacon & Gruyere,1,3.5,3.5,,,           
519,22222,11/13/2017,7:20,20084022,Chocolate Chip Cookie,1,3,3,,,           
520,22222,11/13/2017,7:20,20084462,Blueberry Muffin with Yogurt and Honey,1,3.25,3.25,,,            
521,22222,11/13/2017,7:20,20084044,Egg Salad Sandwich,1,7,7,,,            
522,22222,11/13/2017,7:21,20083519,Certified Gluten-Free Breakfast Sandwich,1,5,5,,,             
523,22222,11/13/2017,7:21,20084043,Ancho Chipotle Chicken Panini ,1,7,7,,,            
524,22222,11/13/2017,7:23,20084014,Seared Steak,1,3.75,3.75,,,            
525,22222,11/13/2017,7:23,20084015,Sous Vide Egg Bites: Bacon & Gruyere,1,3.5,3.5,,,            
526,22222,11/13/2017,7:25,20083518,Carved Ham & Swiss Breakfast Sandwich,1,3.25,3.25,,,            
527,22222,11/13/2017,7:25,20084036,Pumpkin Cheesecake Bar,1,7.25,7.25,,,            
528,22222,11/13/2017,7:27,20084011,Double-Smoked Bacon,1,3.75,3.75,,,            
529,22222,11/13/2017,7:27,20084011,Double-Smoked Bacon,1,3.75,3.75,,,            
530,22222,11/13/2017,7:27,20084011,Double-Smoked Bacon,1,3.75,3.75,,,             
531,22222,11/13/2017,7:27,20084011,Double-Smoked Bacon,1,3.75,3.75,,,            
532,22222,11/13/2017,7:27,20084017,Hearty Blueberry Oatmeal,1,3.75,3.75,,,            
533,22222,11/13/2017,7:27,20084017,Hearty Blueberry Oatmeal,1,3.75,3.75,,,            
534,22222,11/13/2017,7:27,20084017,Hearty Blueberry Oatmeal,1,3.75,3.75,,,            
535,22222,11/13/2017,7:27,20084017,Hearty Blueberry Oatmeal,1,3.75,3.75,,,            
536,22222,11/13/2017,7:27,20084260,Candy Cane Whoopie Pie,1,3.25,3.25,,,            
537,22222,11/13/2017,7:27,20084260,Candy Cane Whoopie Pie,1,3.25,3.25,,,            
538,22222,11/13/2017,7:27,20084260,Candy Cane Whoopie Pie,1,3.25,3.25,,,            
539,22222,11/13/2017,7:27,20084260,Candy Cane Whoopie Pie,1,3.25,3.25,,,            
540,22222,11/13/2017,7:38,20084043,Ancho Chipotle Chicken Panini ,1,7,7,,,             
541,22222,11/13/2017,7:39,20084016,Spicy Chorizo,1,3.75,3.75,,,            
542,22222,11/13/2017,7:40,20084043,Ancho Chipotle Chicken Panini ,1,7,7,,,             
543,22222,11/13/2017,7:41,20084038,Chewy Chocolate Cookie,1,7,7,,,            
544,22222,11/13/2017,7:41,20084462,Blueberry Muffin with Yogurt and Honey,1,3.25,3.25,,,            
545,22222,11/13/2017,7:41,20084043,Ancho Chipotle Chicken Panini ,1,7,7,,,            
546,22222,11/13/2017,7:42,20084043,Ancho Chipotle Chicken Panini ,1,7,7,,,            
547,22222,11/13/2017,7:43,20084014,Seared Steak,1,3.75,3.75,,,            
548,22222,11/13/2017,7:43,20084017,Hearty Blueberry Oatmeal,1,3.75,3.75,,,             
549,22222,11/13/2017,7:43,20084260,Candy Cane Whoopie Pie,1,3.25,3.25,,,           
550,22222,11/13/2017,7:43,20084462,Blueberry Muffin with Yogurt and Honey,1,3.25,3.25,,,            
551,22222,11/13/2017,7:44,20083518,Carved Ham & Swiss Breakfast Sandwich,1,3.25,3.25,,,            
552,22222,11/13/2017,7:44,20083519,Certified Gluten-Free Breakfast Sandwich,1,5,5,,,            
553,22222,11/13/2017,7:45,20084019,Caramelized Apple Pound Cake,1,3,3,,,           
554,22222,11/13/2017,7:48,20084011,Double-Smoked Bacon,1,3.75,3.75,,,            
555,22222,11/13/2017,7:48,20084011,Double-Smoked Bacon,1,3.75,3.75,,,            
556,22222,11/13/2017,7:48,20084011,Double-Smoked Bacon,1,3.75,3.75,,,            
557,22222,11/13/2017,7:48,20084011,Double-Smoked Bacon,1,3.75,3.75,,,           
558,22222,11/13/2017,7:48,20084462,Blueberry Muffin with Yogurt and Honey,1,3.25,3.25,,,            
559,22222,11/13/2017,7:48,20084462,Blueberry Muffin with Yogurt and Honey,1,3.25,3.25,,,            
560,22222,11/13/2017,7:48,20084462,Blueberry Muffin with Yogurt and Honey,1,3.25,3.25,,,           
561,22222,11/13/2017,7:49,20084022,Chocolate Chip Cookie,1,3,3,,,           
562,22222,11/13/2017,7:50,20083518,Carved Ham & Swiss Breakfast Sandwich,1,3.25,3.25,,,           
563,22222,11/13/2017,7:50,20084019,Caramelized Apple Pound Cake,1,3,3,,,           
564,22222,11/13/2017,7:50,20084017,Hearty Blueberry Oatmeal,1,3.75,3.75,,,           
565,22222,11/13/2017,7:50,20084032,Chocolate Marble Loaf Cake,1,3.75,3.75,,,           
566,22222,11/13/2017,7:51,20084019,Caramelized Apple Pound Cake,1,3,3,,,            
567,22222,11/13/2017,7:53,20083518,Carved Ham & Swiss Breakfast Sandwich,1,3.25,3.25,,,            
568,22222,11/13/2017,7:53,20084011,Double-Smoked Bacon,1,3.75,3.75,,,           
569,22222,11/13/2017,7:53,20084011,Double-Smoked Bacon,1,3.75,3.75,,,           
570,22222,11/13/2017,7:53,20084014,Seared Steak,1,3.75,3.75,,,            
571,22222,11/13/2017,7:53,20084015,Sous Vide Egg Bites: Bacon & Gruyere,1,3.5,3.5,,,            
572,22222,11/13/2017,7:53,20084016,Spicy Chorizo,1,3.75,3.75,,,           
573,22222,11/13/2017,7:53,20084462,Blueberry Muffin with Yogurt and Honey,1,3.25,3.25,,,            
574,22222,11/13/2017,7:54,20084043,Ancho Chipotle Chicken Panini ,1,7,7,,,            
575,22222,11/13/2017,7:56,20083518,Carved Ham & Swiss Breakfast Sandwich,1,3.25,3.25,,,           
576,22222,11/13/2017,7:56,20083518,Carved Ham & Swiss Breakfast Sandwich,1,3.25,3.25,,,           
577,22222,11/13/2017,7:56,20084011,Double-Smoked Bacon,1,3.75,3.75,,,           
578,22222,11/13/2017,7:56,20084462,Blueberry Muffin with Yogurt and Honey,1,3.25,3.25,,,           
579,22222,11/13/2017,7:56,20084043,Ancho Chipotle Chicken Panini ,1,7,7,,,           
580,22222,11/13/2017,7:59,20084043,Ancho Chipotle Chicken Panini ,1,7,7,,,           
581,22222,11/13/2017,7:59,20084043,Ancho Chipotle Chicken Panini ,1,7,7,,,           
582,22222,11/13/2017,8:01,20084043,Ancho Chipotle Chicken Panini ,1,7,7,,,            
583,22222,11/13/2017,8:02,20083519,Certified Gluten-Free Breakfast Sandwich,1,5,5,,,            
584,22222,11/13/2017,8:02,20084043,Ancho Chipotle Chicken Panini ,1,7,7,,,            
585,22222,11/13/2017,8:02,20084043,Ancho Chipotle Chicken Panini ,1,7,7,,,            
586,22222,11/13/2017,8:04,20084043,Ancho Chipotle Chicken Panini ,1,7,7,,,            
587,22222,11/13/2017,8:06,20083518,Carved Ham & Swiss Breakfast Sandwich,1,3.25,3.25,,,            
588,22222,11/13/2017,8:06,20083518,Carved Ham & Swiss Breakfast Sandwich,1,3.25,3.25,,,            
589,22222,11/13/2017,8:07,20084011,Double-Smoked Bacon,1,3.75,3.75,,,            
590,22222,11/13/2017,8:07,20084011,Double-Smoked Bacon,1,3.75,3.75,,,            
591,22222,11/13/2017,8:07,20084017,Hearty Blueberry Oatmeal,1,3.75,3.75,,,            
592,22222,11/13/2017,8:07,20084260,Candy Cane Whoopie Pie,1,3.25,3.25,,,            
593,22222,11/13/2017,8:09,20084016,Spicy Chorizo,1,3.75,3.75,,,            
594,22222,11/13/2017,8:09,20084260,Candy Cane Whoopie Pie,1,3.25,3.25,,,            
595,22222,11/13/2017,8:13,20084038,Chewy Chocolate Cookie,1,7,7,,,            
596,22222,11/13/2017,8:13,20084462,Blueberry Muffin with Yogurt and Honey,1,3.25,3.25,,,            
597,22222,11/13/2017,8:14,20084044,Egg Salad Sandwich,1,7,7,,,            
598,22222,11/13/2017,8:14,20084044,Egg Salad Sandwich,1,7,7,,,            
599,22222,11/13/2017,8:15,20084015,Sous Vide Egg Bites: Bacon & Gruyere,1,3.5,3.5,,,            
600,22222,11/13/2017,8:16,20084038,Chewy Chocolate Cookie,1,7,7,,,            
601,22222,11/13/2017,8:16,20084017,Hearty Blueberry Oatmeal,1,3.75,3.75,,,            
602,22222,11/13/2017,8:18,20084038,Chewy Chocolate Cookie,1,7,7,,,            
603,22222,11/13/2017,8:18,20084011,Double-Smoked Bacon,1,3.75,3.75,,,            
604,22222,11/13/2017,8:18,20084014,Seared Steak,1,3.75,3.75,,,            
605,22222,11/13/2017,8:19,20084038,Chewy Chocolate Cookie,1,7,7,,,            
606,22222,11/13/2017,8:19,20084014,Seared Steak,1,3.75,3.75,,,            
607,22222,11/13/2017,8:19,20084017,Hearty Blueberry Oatmeal,1,3.75,3.75,,,            
608,22222,11/13/2017,8:19,20084462,Blueberry Muffin with Yogurt and Honey,1,3.25,3.25,,,            
609,22222,11/13/2017,8:21,20084019,Caramelized Apple Pound Cake,1,3,3,,,            
610,22222,11/13/2017,8:22,20084462,Blueberry Muffin with Yogurt and Honey,1,3.25,3.25,,,            
611,22222,11/13/2017,8:24,20083518,Carved Ham & Swiss Breakfast Sandwich,1,3.25,3.25,,,            
612,22222,11/13/2017,8:24,20084011,Double-Smoked Bacon,1,3.75,3.75,,,            
613,22222,11/13/2017,8:24,20084017,Hearty Blueberry Oatmeal,1,3.75,3.75,,,            
614,22222,11/13/2017,8:24,20084462,Blueberry Muffin with Yogurt and Honey,1,3.25,3.25,,,            
615,22222,11/13/2017,8:25,20084014,Seared Steak,1,3.75,3.75,,,            
616,22222,11/13/2017,8:26,20083518,Carved Ham & Swiss Breakfast Sandwich,1,3.25,3.25,,,            
617,22222,11/13/2017,8:26,20084015,Sous Vide Egg Bites: Bacon & Gruyere,1,3.5,3.5,,,            
618,22222,11/13/2017,8:29,20083518,Carved Ham & Swiss Breakfast Sandwich,1,3.25,3.25,,,            
619,22222,11/13/2017,8:29,20083518,Carved Ham & Swiss Breakfast Sandwich,1,3.25,3.25,,,            
620,22222,11/13/2017,8:29,20083518,Carved Ham & Swiss Breakfast Sandwich,1,3.25,3.25,,,            
621,22222,11/13/2017,8:29,20083518,Carved Ham & Swiss Breakfast Sandwich,1,3.25,3.25,,,            
622,22222,11/13/2017,8:29,20083518,Carved Ham & Swiss Breakfast Sandwich,1,3.25,3.25,,,            
623,22222,11/13/2017,8:29,20084011,Double-Smoked Bacon,1,3.75,3.75,,,            
624,22222,11/13/2017,8:29,20084011,Double-Smoked Bacon,1,3.75,3.75,,,            
625,22222,11/13/2017,8:29,20084015,Sous Vide Egg Bites: Bacon & Gruyere,1,3.5,3.5,,,            
626,22222,11/13/2017,8:29,20084015,Sous Vide Egg Bites: Bacon & Gruyere,1,3.5,3.5,,,             
627,22222,11/13/2017,8:29,20084015,Sous Vide Egg Bites: Bacon & Gruyere,1,3.5,3.5,,,            
628,22222,11/13/2017,8:29,20084016,Spicy Chorizo,1,3.75,3.75,,,            
629,22222,11/13/2017,8:29,20084016,Spicy Chorizo,1,3.75,3.75,,,            
630,22222,11/13/2017,8:29,20084462,Blueberry Muffin with Yogurt and Honey,1,3.25,3.25,,,            
631,22222,11/13/2017,8:29,20084462,Blueberry Muffin with Yogurt and Honey,1,3.25,3.25,,,            
632,22222,11/13/2017,8:32,20083518,Carved Ham & Swiss Breakfast Sandwich,1,3.25,3.25,,,            
633,22222,11/13/2017,8:32,20083518,Carved Ham & Swiss Breakfast Sandwich,1,3.25,3.25,,,            
634,22222,11/13/2017,8:32,20084038,Chewy Chocolate Cookie,1,7,7,,,            
635,22222,11/13/2017,8:32,20084038,Chewy Chocolate Cookie,1,7,7,,,            
636,22222,11/13/2017,8:32,20084038,Chewy Chocolate Cookie,1,7,7,,,            
637,22222,11/13/2017,8:32,20084011,Double-Smoked Bacon,1,3.75,3.75,,,            
638,22222,11/13/2017,8:32,20084011,Double-Smoked Bacon,1,3.75,3.75,,,            
639,22222,11/13/2017,8:32,20084015,Sous Vide Egg Bites: Bacon & Gruyere,1,3.5,3.5,,,            
640,22222,11/13/2017,8:32,20084015,Sous Vide Egg Bites: Bacon & Gruyere,1,3.5,3.5,,,            
641,22222,11/13/2017,8:32,20084017,Hearty Blueberry Oatmeal,1,3.75,3.75,,,            
642,22222,11/13/2017,8:32,20084017,Hearty Blueberry Oatmeal,1,3.75,3.75,,,            
643,22222,11/13/2017,8:32,20084018,Almond Croissant,1,3.75,3.75,,,            
644,22222,11/13/2017,8:32,20084018,Almond Croissant,1,3.75,3.75,,,            
645,22222,11/13/2017,8:32,20084260,Candy Cane Whoopie Pie,1,3.25,3.25,,,            
646,22222,11/13/2017,8:32,20084260,Candy Cane Whoopie Pie,1,3.25,3.25,,,            
647,22222,11/13/2017,8:32,20084043,Ancho Chipotle Chicken Panini ,1,7,7,,,            
648,22222,11/13/2017,8:32,20084043,Ancho Chipotle Chicken Panini ,1,7,7,,,            
649,22222,11/13/2017,8:32,20084043,Ancho Chipotle Chicken Panini ,1,7,7,,,            
650,22222,11/13/2017,8:32,20084044,Egg Salad Sandwich,1,7,7,,,            
651,22222,11/13/2017,8:32,20084044,Egg Salad Sandwich,1,7,7,,,            
652,22222,11/13/2017,8:32,20084044,Egg Salad Sandwich,1,7,7,,,            
653,22222,11/13/2017,8:34,20084011,Double-Smoked Bacon,1,3.75,3.75,,,            
654,22222,11/13/2017,8:34,20084036,Pumpkin Cheesecake Bar,1,7.25,7.25,,,            
655,22222,11/13/2017,8:35,20084038,Chewy Chocolate Cookie,1,7,7,,,             
656,22222,11/13/2017,8:35,20084016,Spicy Chorizo,1,3.75,3.75,,,            
657,22222,11/13/2017,8:36,20084043,Ancho Chipotle Chicken Panini ,1,7,7,,,            
658,22222,11/13/2017,8:38,20084011,Double-Smoked Bacon,1,3.75,3.75,,,            
659,22222,11/13/2017,8:38,20084017,Hearty Blueberry Oatmeal,1,3.75,3.75,,,            
660,22222,11/13/2017,8:38,20084462,Blueberry Muffin with Yogurt and Honey,1,3.25,3.25,,,            
661,22222,11/13/2017,8:38,20084043,Ancho Chipotle Chicken Panini ,1,7,7,,,            
662,22222,11/13/2017,8:38,20084043,Ancho Chipotle Chicken Panini ,1,7,7,,,            
663,22222,11/13/2017,8:39,20084019,Caramelized Apple Pound Cake,1,3,3,,,            
664,22222,11/13/2017,8:39,20084011,Double-Smoked Bacon,1,3.75,3.75,,,            
665,22222,11/13/2017,8:39,20084015,Sous Vide Egg Bites: Bacon & Gruyere,1,3.5,3.5,,,            
666,22222,11/13/2017,8:39,20084018,Almond Croissant,1,3.75,3.75,,,           
667,22222,11/13/2017,8:39,20084035,Fox Cookie,1,3.75,3.75,,,            
668,22222,11/13/2017,8:39,20084043,Ancho Chipotle Chicken Panini ,1,7,7,,,            
669,22222,11/13/2017,8:40,20084019,Caramelized Apple Pound Cake,1,3,3,,,            
670,22222,11/13/2017,8:40,20084022,Chocolate Chip Cookie,1,3,3,,,           
671,22222,11/13/2017,8:42,20083518,Carved Ham & Swiss Breakfast Sandwich,1,3.25,3.25,,,            
672,22222,11/13/2017,8:42,20084014,Seared Steak,1,3.75,3.75,,,            
673,22222,11/13/2017,8:44,20083518,Carved Ham & Swiss Breakfast Sandwich,1,3.25,3.25,,,            
674,22222,11/13/2017,8:45,20084038,Chewy Chocolate Cookie,1,7,7,,,            
675,22222,11/13/2017,8:45,20084043,Ancho Chipotle Chicken Panini ,1,7,7,,,            
676,22222,11/13/2017,8:46,20084015,Sous Vide Egg Bites: Bacon & Gruyere,1,3.5,3.5,,,            
677,22222,11/13/2017,8:46,20084043,Ancho Chipotle Chicken Panini ,1,7,7,,,            
678,22222,11/13/2017,8:46,20084044,Egg Salad Sandwich,1,7,7,,,            
679,22222,11/13/2017,8:50,20084015,Sous Vide Egg Bites: Bacon & Gruyere,1,3.5,3.5,,,            
680,22222,11/13/2017,8:50,20084044,Egg Salad Sandwich,1,7,7,,,            
681,22222,11/13/2017,8:54,20084019,Caramelized Apple Pound Cake,1,3,3,,,             
682,22222,11/13/2017,8:54,20084016,Spicy Chorizo,1,3.75,3.75,,,            
683,22222,11/13/2017,8:54,20084036,Pumpkin Cheesecake Bar,1,7.25,7.25,,,            
684,22222,11/13/2017,8:55,20084022,Chocolate Chip Cookie,1,3,3,,,            
685,22222,11/13/2017,8:58,20084043,Ancho Chipotle Chicken Panini ,1,7,7,,,            
686,22222,11/13/2017,9:00,20084017,Hearty Blueberry Oatmeal,1,3.75,3.75,,,            
687,22222,11/13/2017,9:01,20083518,Carved Ham & Swiss Breakfast Sandwich,1,3.25,3.25,,,            
688,22222,11/13/2017,9:01,20084043,Ancho Chipotle Chicken Panini ,1,7,7,,,            
689,22222,11/13/2017,9:02,20083518,Carved Ham & Swiss Breakfast Sandwich,1,3.25,3.25,,,            
690,22222,11/13/2017,9:02,20084014,Seared Steak,1,3.75,3.75,,,            
691,22222,11/13/2017,9:02,20084016,Spicy Chorizo,1,3.75,3.75,,,            
692,22222,11/13/2017,9:02,20084016,Spicy Chorizo,1,3.75,3.75,,,            
693,22222,11/13/2017,9:03,20084011,Double-Smoked Bacon,1,3.75,3.75,,,            
694,22222,11/13/2017,9:03,20084016,Spicy Chorizo,1,3.75,3.75,,,            
695,22222,11/13/2017,9:04,20084038,Chewy Chocolate Cookie,1,7,7,,,            
696,22222,11/13/2017,9:06,20084044,Egg Salad Sandwich,1,7,7,,,            
697,22222,11/13/2017,9:10,20084043,Ancho Chipotle Chicken Panini ,1,7,7,,,            
698,22222,11/13/2017,9:11,20084014,Seared Steak,1,3.75,3.75,,,            
699,22222,11/13/2017,9:11,20084014,Seared Steak,1,3.75,3.75,,,            
700,22222,11/13/2017,9:11,20084462,Blueberry Muffin with Yogurt and Honey,1,3.25,3.25,,,            
701,22222,11/13/2017,9:14,20083518,Carved Ham & Swiss Breakfast Sandwich,1,3.25,3.25,,,            
702,22222,11/13/2017,9:14,20084034,Cranberry Bliss Bar® Tray,1,3.75,3.75,,,            
703,22222,11/13/2017,9:15,20083518,Carved Ham & Swiss Breakfast Sandwich,1,3.25,3.25,,,            
704,22222,11/13/2017,9:15,20084019,Caramelized Apple Pound Cake,1,3,3,,,            
705,22222,11/13/2017,9:15,20084011,Double-Smoked Bacon,1,3.75,3.75,,,            
706,22222,11/13/2017,9:15,20084014,Seared Steak,1,3.75,3.75,,,            
707,22222,11/13/2017,9:15,20084014,Seared Steak,1,3.75,3.75,,,            
708,22222,11/13/2017,9:15,20084015,Sous Vide Egg Bites: Bacon & Gruyere,1,3.5,3.5,,,            
709,22222,11/13/2017,9:15,20084017,Hearty Blueberry Oatmeal,1,3.75,3.75,,,            
710,22222,11/13/2017,9:15,20084018,Almond Croissant,1,3.75,3.75,,,            
711,22222,11/13/2017,9:15,20084260,Candy Cane Whoopie Pie,1,3.25,3.25,,,            
712,22222,11/13/2017,9:15,20084462,Blueberry Muffin with Yogurt and Honey,1,3.25,3.25,,,            
713,22222,11/13/2017,9:15,20084034,Cranberry Bliss Bar® Tray,1,3.75,3.75,,,           
714,22222,11/13/2017,9:16,20083518,Carved Ham & Swiss Breakfast Sandwich,1,3.25,3.25,,,             
715,22222,11/13/2017,9:19,20084018,Almond Croissant,1,3.75,3.75,,,            
716,22222,11/13/2017,9:19,20084043,Ancho Chipotle Chicken Panini ,1,7,7,,,           
717,22222,11/13/2017,9:20,20083518,Carved Ham & Swiss Breakfast Sandwich,1,3.25,3.25,,,            
718,22222,11/13/2017,9:20,20083518,Carved Ham & Swiss Breakfast Sandwich,1,3.25,3.25,,,            
719,22222,11/13/2017,9:20,20083518,Carved Ham & Swiss Breakfast Sandwich,1,3.25,3.25,,,            
720,22222,11/13/2017,9:20,20084019,Caramelized Apple Pound Cake,1,3,3,,,            
721,22222,11/13/2017,9:20,20084019,Caramelized Apple Pound Cake,1,3,3,,,            
722,22222,11/13/2017,9:20,20084019,Caramelized Apple Pound Cake,1,3,3,,,           
723,22222,11/13/2017,9:20,20084014,Seared Steak,1,3.75,3.75,,,            
724,22222,11/13/2017,9:20,20084014,Seared Steak,1,3.75,3.75,,,            
725,22222,11/13/2017,9:20,20084462,Blueberry Muffin with Yogurt and Honey,1,3.25,3.25,,,            
726,22222,11/13/2017,9:20,20084462,Blueberry Muffin with Yogurt and Honey,1,3.25,3.25,,,            
727,22222,11/13/2017,9:20,20084462,Blueberry Muffin with Yogurt and Honey,1,3.25,3.25,,,            
728,22222,11/13/2017,9:20,20084462,Blueberry Muffin with Yogurt and Honey,1,3.25,3.25,,,            
729,22222,11/13/2017,9:20,20084043,Ancho Chipotle Chicken Panini ,1,7,7,,,            
730,22222,11/13/2017,9:20,20084043,Ancho Chipotle Chicken Panini ,1,7,7,,,            
731,22222,11/13/2017,9:20,20084043,Ancho Chipotle Chicken Panini ,1,7,7,,,            
732,22222,11/13/2017,9:20,20084043,Ancho Chipotle Chicken Panini ,1,7,7,,,            
733,22222,11/13/2017,9:22,20084018,Almond Croissant,1,3.75,3.75,,,            
734,22222,11/13/2017,9:22,20084043,Ancho Chipotle Chicken Panini ,1,7,7,,,            
735,22222,11/13/2017,9:25,20084017,Hearty Blueberry Oatmeal,1,3.75,3.75,,,            
736,22222,11/13/2017,9:26,20083518,Carved Ham & Swiss Breakfast Sandwich,1,3.25,3.25,,,            
737,22222,11/13/2017,9:26,20083518,Carved Ham & Swiss Breakfast Sandwich,1,3.25,3.25,,,            
738,22222,11/13/2017,9:26,20083518,Carved Ham & Swiss Breakfast Sandwich,1,3.25,3.25,,,            
739,22222,11/13/2017,9:26,20084038,Chewy Chocolate Cookie,1,7,7,,,            
740,22222,11/13/2017,9:26,20084036,Pumpkin Cheesecake Bar,1,7.25,7.25,,,            
741,22222,11/13/2017,9:32,20084019,Caramelized Apple Pound Cake,1,3,3,,,           
742,22222,11/13/2017,9:32,20084016,Spicy Chorizo,1,3.75,3.75,,,            
743,22222,11/13/2017,9:32,20084022,Chocolate Chip Cookie,1,3,3,,,            
744,22222,11/13/2017,9:32,20084022,Chocolate Chip Cookie,1,3,3,,,            
745,22222,11/13/2017,9:32,20084462,Blueberry Muffin with Yogurt and Honey,1,3.25,3.25,,,            
746,22222,11/13/2017,9:32,20084034,Cranberry Bliss Bar® Tray,1,3.75,3.75,,,            
747,22222,11/13/2017,9:32,20084043,Ancho Chipotle Chicken Panini ,1,7,7,,,            
748,22222,11/13/2017,9:32,20084044,Egg Salad Sandwich,1,7,7,,,            
749,22222,11/13/2017,9:41,20084019,Caramelized Apple Pound Cake,1,3,3,,,            
750,22222,11/13/2017,9:41,20084014,Seared Steak,1,3.75,3.75,,,            
751,22222,11/13/2017,9:43,20084038,Chewy Chocolate Cookie,1,7,7,,,            
752,22222,11/13/2017,9:44,20084016,Spicy Chorizo,1,3.75,3.75,,,            
753,22222,11/13/2017,9:45,20083518,Carved Ham & Swiss Breakfast Sandwich,1,3.25,3.25,,,            
754,22222,11/13/2017,9:45,20084043,Ancho Chipotle Chicken Panini ,1,7,7,,,            
755,22222,11/13/2017,9:46,20084038,Chewy Chocolate Cookie,1,7,7,,,           
756,22222,11/13/2017,9:47,20084016,Spicy Chorizo,1,3.75,3.75,,,            
757,22222,11/13/2017,9:47,20084018,Almond Croissant,1,3.75,3.75,,,            
758,22222,11/13/2017,9:50,20084043,Ancho Chipotle Chicken Panini ,1,7,7,,,            
759,22222,11/13/2017,9:53,20084462,Blueberry Muffin with Yogurt and Honey,1,3.25,3.25,,,            
760,22222,11/13/2017,9:54,20084034,Cranberry Bliss Bar® Tray,1,3.75,3.75,,,            
761,22222,11/13/2017,9:54,20084043,Ancho Chipotle Chicken Panini ,1,7,7,,,            
762,22222,11/13/2017,9:58,20084044,Egg Salad Sandwich,1,7,7,,,            
763,22222,11/13/2017,9:59,20084019,Caramelized Apple Pound Cake,1,3,3,,,           
764,22222,11/13/2017,9:59,20084019,Caramelized Apple Pound Cake,1,3,3,,,            
765,22222,11/13/2017,9:59,20084019,Caramelized Apple Pound Cake,1,3,3,,,            
766,22222,11/13/2017,9:59,20084016,Spicy Chorizo,1,3.75,3.75,,,            
767,22222,11/13/2017,9:59,20084016,Spicy Chorizo,1,3.75,3.75,,,            
768,22222,11/13/2017,9:59,20084034,Cranberry Bliss Bar® Tray,1,3.75,3.75,,,            
769,22222,11/13/2017,9:59,20084034,Cranberry Bliss Bar® Tray,1,3.75,3.75,,,            
770,22222,11/13/2017,9:59,20084035,Fox Cookie,1,3.75,3.75,,,            
771,22222,11/13/2017,9:59,20084035,Fox Cookie,1,3.75,3.75,,,           
772,22222,11/13/2017,9:59,20084035,Fox Cookie,1,3.75,3.75,,,            
773,22222,11/13/2017,9:59,20084035,Fox Cookie,1,3.75,3.75,,,            
774,22222,11/13/2017,10:03,20084011,Double-Smoked Bacon,1,3.75,3.75,,,            
775,22222,11/13/2017,10:05,20084038,Chewy Chocolate Cookie,1,7,7,,,            
776,22222,11/13/2017,10:05,20084014,Seared Steak,1,3.75,3.75,,,            
777,22222,11/13/2017,10:06,20084011,Double-Smoked Bacon,1,3.75,3.75,,,            
778,22222,11/13/2017,10:06,20084014,Seared Steak,1,3.75,3.75,,,            
779,22222,11/13/2017,10:07,20084022,Chocolate Chip Cookie,1,3,3,,,            
780,22222,11/13/2017,10:08,20084011,Double-Smoked Bacon,1,3.75,3.75,,,            
781,22222,11/13/2017,10:08,20084014,Seared Steak,1,3.75,3.75,,,            
782,22222,11/13/2017,10:08,20084016,Spicy Chorizo,1,3.75,3.75,,,           
783,22222,11/13/2017,10:08,20084018,Almond Croissant,1,3.75,3.75,,,            
784,22222,11/13/2017,10:08,20084462,Blueberry Muffin with Yogurt and Honey,1,3.25,3.25,,,           
785,22222,11/13/2017,10:08,20084036,Pumpkin Cheesecake Bar,1,7.25,7.25,,,            
786,22222,11/13/2017,10:10,20084038,Chewy Chocolate Cookie,1,7,7,,,            
787,22222,11/13/2017,10:10,20084036,Pumpkin Cheesecake Bar,1,7.25,7.25,,,            
788,22222,11/13/2017,10:11,20084036,Pumpkin Cheesecake Bar,1,7.25,7.25,,,            
789,22222,11/13/2017,10:13,20084044,Egg Salad Sandwich,1,7,7,,,            
790,22222,11/13/2017,10:15,20084015,Sous Vide Egg Bites: Bacon & Gruyere,1,3.5,3.5,,,            
791,22222,11/13/2017,10:17,20084019,Caramelized Apple Pound Cake,1,3,3,,,            
792,22222,11/13/2017,10:19,20084019,Caramelized Apple Pound Cake,1,3,3,,,            
793,22222,11/13/2017,10:19,20084015,Sous Vide Egg Bites: Bacon & Gruyere,1,3.5,3.5,,,            
794,22222,11/13/2017,10:23,20084016,Spicy Chorizo,1,3.75,3.75,,,            
795,22222,11/13/2017,10:23,20084022,Chocolate Chip Cookie,1,3,3,,,            
796,22222,11/13/2017,10:25,20083518,Carved Ham & Swiss Breakfast Sandwich,1,3.25,3.25,,,            
797,22222,11/13/2017,10:26,20084044,Egg Salad Sandwich,1,7,7,,,            
798,22222,11/13/2017,10:27,20083518,Carved Ham & Swiss Breakfast Sandwich,1,3.25,3.25,,,            
799,22222,11/13/2017,10:27,20084011,Double-Smoked Bacon,1,3.75,3.75,,,            
800,22222,11/13/2017,10:27,20084016,Spicy Chorizo,1,3.75,3.75,,,            
801,22222,11/13/2017,10:27,20084260,Candy Cane Whoopie Pie,1,3.25,3.25,,,            
802,22222,11/13/2017,10:31,20084016,Spicy Chorizo,1,3.75,3.75,,,            
803,22222,11/13/2017,10:32,20084043,Ancho Chipotle Chicken Panini ,1,7,7,,,            
804,22222,11/13/2017,10:32,20084043,Ancho Chipotle Chicken Panini ,1,7,7,,,            
805,22222,11/13/2017,10:33,20083518,Carved Ham & Swiss Breakfast Sandwich,1,3.25,3.25,,,            
806,22222,11/13/2017,10:34,20084016,Spicy Chorizo,1,3.75,3.75,,,            
807,22222,11/13/2017,10:34,20084016,Spicy Chorizo,1,3.75,3.75,,,            
808,22222,11/13/2017,10:34,20084462,Blueberry Muffin with Yogurt and Honey,1,3.25,3.25,,,            
809,22222,11/13/2017,10:35,20084014,Seared Steak,1,3.75,3.75,,,            
810,22222,11/13/2017,10:35,20084014,Seared Steak,1,3.75,3.75,,,            
811,22222,11/13/2017,10:35,20084462,Blueberry Muffin with Yogurt and Honey,1,3.25,3.25,,,            
812,22222,11/13/2017,10:35,20084043,Ancho Chipotle Chicken Panini ,1,7,7,,,            
813,22222,11/13/2017,10:35,20084043,Ancho Chipotle Chicken Panini ,1,7,7,,,            
814,22222,11/13/2017,10:36,20084044,Egg Salad Sandwich,1,7,7,,,            
815,22222,11/13/2017,10:37,20084044,Egg Salad Sandwich,1,7,7,,,            
816,22222,11/13/2017,10:38,20084043,Ancho Chipotle Chicken Panini ,1,7,7,,,            
817,22222,11/13/2017,10:38,20084044,Egg Salad Sandwich,1,7,7,,,            
818,22222,11/13/2017,10:47,20084032,Chocolate Marble Loaf Cake,1,3.75,3.75,,,            
819,22222,11/13/2017,10:49,20084011,Double-Smoked Bacon,1,3.75,3.75,,,            
820,22222,11/13/2017,10:49,20084011,Double-Smoked Bacon,1,3.75,3.75,,,            
821,22222,11/13/2017,10:53,20084018,Almond Croissant,1,3.75,3.75,,,            
822,22222,11/13/2017,10:53,20084018,Almond Croissant,1,3.75,3.75,,,            
823,22222,11/13/2017,10:54,20084014,Seared Steak,1,3.75,3.75,,,            
824,22222,11/13/2017,10:56,20083518,Carved Ham & Swiss Breakfast Sandwich,1,3.25,3.25,,,            
825,22222,11/13/2017,10:56,20083518,Carved Ham & Swiss Breakfast Sandwich,1,3.25,3.25,,,            
826,22222,11/13/2017,10:56,20084019,Caramelized Apple Pound Cake,1,3,3,,,            
827,22222,11/13/2017,10:56,20084015,Sous Vide Egg Bites: Bacon & Gruyere,1,3.5,3.5,,,            
828,22222,11/13/2017,10:58,20084016,Spicy Chorizo,1,3.75,3.75,,,            
829,22222,11/13/2017,10:58,20084018,Almond Croissant,1,3.75,3.75,,,            
830,22222,11/13/2017,10:59,20083518,Carved Ham & Swiss Breakfast Sandwich,1,3.25,3.25,,,            
831,22222,11/13/2017,10:59,20084011,Double-Smoked Bacon,1,3.75,3.75,,,            
832,22222,11/13/2017,10:59,20084014,Seared Steak,1,3.75,3.75,,,            
833,22222,11/13/2017,10:59,20084014,Seared Steak,1,3.75,3.75,,,            
834,22222,11/13/2017,10:59,20084016,Spicy Chorizo,1,3.75,3.75,,,            
835,22222,11/13/2017,10:59,20084022,Chocolate Chip Cookie,1,3,3,,,            
836,22222,11/13/2017,10:59,20084036,Pumpkin Cheesecake Bar,1,7.25,7.25,,,           
837,22222,11/13/2017,11:00,20084036,Pumpkin Cheesecake Bar,1,7.25,7.25,,,            
838,22222,11/13/2017,11:01,20084016,Spicy Chorizo,1,3.75,3.75,,,            
839,22222,11/13/2017,11:02,20084016,Spicy Chorizo,1,3.75,3.75,,,            
840,22222,11/13/2017,11:03,20084032,Chocolate Marble Loaf Cake,1,3.75,3.75,,,            
841,22222,11/13/2017,11:04,20084011,Double-Smoked Bacon,1,3.75,3.75,,,            
842,22222,11/13/2017,11:04,20084014,Seared Steak,1,3.75,3.75,,,            
843,22222,11/13/2017,11:05,20084011,Double-Smoked Bacon,1,3.75,3.75,,,            
844,22222,11/13/2017,11:08,20084016,Spicy Chorizo,1,3.75,3.75,,,             
845,22222,11/13/2017,11:08,20084036,Pumpkin Cheesecake Bar,1,7.25,7.25,,,            
846,22222,11/13/2017,11:12,20084022,Chocolate Chip Cookie,1,3,3,,,            
847,22222,11/13/2017,11:12,20084032,Chocolate Marble Loaf Cake,1,3.75,3.75,,,            
848,22222,11/13/2017,11:15,20084014,Seared Steak,1,3.75,3.75,,,            
849,22222,11/13/2017,11:23,20084032,Chocolate Marble Loaf Cake,1,3.75,3.75,,,            
850,22222,11/13/2017,11:26,20084019,Caramelized Apple Pound Cake,1,3,3,,,            
851,22222,11/13/2017,11:27,20083518,Carved Ham & Swiss Breakfast Sandwich,1,3.25,3.25,,,            
852,22222,11/13/2017,11:27,20084015,Sous Vide Egg Bites: Bacon & Gruyere,1,3.5,3.5,,,            
853,22222,11/13/2017,11:30,20084016,Spicy Chorizo,1,3.75,3.75,,,            
854,22222,11/13/2017,11:30,20084462,Blueberry Muffin with Yogurt and Honey,1,3.25,3.25,,,            
855,22222,11/13/2017,11:30,20084034,Cranberry Bliss Bar® Tray,1,3.75,3.75,,,            
856,22222,11/13/2017,11:35,20084015,Sous Vide Egg Bites: Bacon & Gruyere,1,3.5,3.5,,,            
857,22222,11/13/2017,11:36,20084019,Caramelized Apple Pound Cake,1,3,3,,,            
858,22222,11/13/2017,11:41,20084462,Blueberry Muffin with Yogurt and Honey,1,3.25,3.25,,,            
859,22222,11/13/2017,11:49,20084016,Spicy Chorizo,1,3.75,3.75,,,            
860,22222,11/13/2017,11:49,20084018,Almond Croissant,1,3.75,3.75,,,            
861,22222,11/13/2017,11:51,20084066,Cookie Butter Bar,1,7.5,7.5,,,            
862,22222,11/13/2017,11:51,20084016,Spicy Chorizo,1,3.75,3.75,,,            
863,22222,11/13/2017,11:51,20084022,Chocolate Chip Cookie,1,3,3,,,            
864,22222,11/13/2017,11:51,20084462,Blueberry Muffin with Yogurt and Honey,1,3.25,3.25,,,            
865,22222,11/13/2017,11:52,20083518,Carved Ham & Swiss Breakfast Sandwich,1,3.25,3.25,,,            
866,22222,11/13/2017,11:52,20084015,Sous Vide Egg Bites: Bacon & Gruyere,1,3.5,3.5,,,            
867,22222,11/13/2017,11:54,20084015,Sous Vide Egg Bites: Bacon & Gruyere,1,3.5,3.5,,,            
868,22222,11/13/2017,11:56,20084019,Caramelized Apple Pound Cake,1,3,3,,,            
869,22222,11/13/2017,12:00,20084022,Chocolate Chip Cookie,1,3,3,,,            
870,22222,11/13/2017,12:10,20084011,Double-Smoked Bacon,1,3.75,3.75,,,           
871,22222,11/13/2017,12:10,20084016,Spicy Chorizo,1,3.75,3.75,,,           
872,22222,11/13/2017,12:12,20084066,Cookie Butter Bar,1,7.5,7.5,,,            
873,22222,11/13/2017,12:41,20084032,Chocolate Marble Loaf Cake,1,3.75,3.75,,,            
874,22222,11/13/2017,12:50,20084016,Spicy Chorizo,1,3.75,3.75,,,            
875,22222,11/13/2017,12:59,20084022,Chocolate Chip Cookie,1,3,3,,,            
876,22222,11/13/2017,13:00,20084016,Spicy Chorizo,1,3.75,3.75,,,           
877,22222,11/13/2017,13:00,20084032,Chocolate Marble Loaf Cake,1,3.75,3.75,,,            
878,22222,11/13/2017,13:14,20084022,Chocolate Chip Cookie,1,3,3,,,            
879,22222,11/13/2017,13:14,20084034,Cranberry Bliss Bar® Tray,1,3.75,3.75,,,            
880,22222,11/13/2017,13:17,20084015,Sous Vide Egg Bites: Bacon & Gruyere,1,3.5,3.5,,,            
881,22222,11/13/2017,13:17,20084034,Cranberry Bliss Bar® Tray,1,3.75,3.75,,,            
882,22222,11/13/2017,13:24,20084462,Blueberry Muffin with Yogurt and Honey,1,3.25,3.25,,,            
883,22222,11/13/2017,13:27,20084066,Cookie Butter Bar,1,7.5,7.5,,,            
884,22222,11/13/2017,13:28,20084066,Cookie Butter Bar,1,7.5,7.5,,,            
885,22222,11/13/2017,13:31,20084066,Cookie Butter Bar,1,7.5,7.5,,,            
886,22222,11/13/2017,13:40,20084032,Chocolate Marble Loaf Cake,1,3.75,3.75,,,            
887,22222,11/13/2017,13:43,20084016,Spicy Chorizo,1,3.75,3.75,,,            
888,22222,11/13/2017,13:43,20084032,Chocolate Marble Loaf Cake,1,3.75,3.75,,,             
889,22222,11/13/2017,13:48,20084035,Fox Cookie,1,3.75,3.75,,,            
890,22222,11/13/2017,13:53,20084066,Cookie Butter Bar,1,7.5,7.5,,,            
891,22222,11/13/2017,14:02,20084011,Double-Smoked Bacon,1,3.75,3.75,,,            
892,22222,11/13/2017,14:04,20084066,Cookie Butter Bar,1,7.5,7.5,,,            
893,22222,11/13/2017,14:13,20084462,Blueberry Muffin with Yogurt and Honey,1,3.25,3.25,,,           
894,22222,11/13/2017,14:14,20084066,Cookie Butter Bar,1,7.5,7.5,,,            
895,22222,11/13/2017,14:14,20084022,Chocolate Chip Cookie,1,3,3,,,            
896,22222,11/13/2017,14:14,20084034,Cranberry Bliss Bar® Tray,1,3.75,3.75,,,            
897,22222,11/13/2017,14:18,20084032,Chocolate Marble Loaf Cake,1,3.75,3.75,,,           
898,22222,11/13/2017,14:24,20084066,Cookie Butter Bar,1,7.5,7.5,,,            
899,22222,11/13/2017,14:35,20084260,Candy Cane Whoopie Pie,1,3.25,3.25,,,            
900,22222,11/13/2017,14:36,20084032,Chocolate Marble Loaf Cake,1,3.75,3.75,,,            
901,22222,11/13/2017,14:40,20084011,Double-Smoked Bacon,1,3.75,3.75,,,             
902,22222,11/13/2017,14:41,20084066,Cookie Butter Bar,1,7.5,7.5,,,            
903,22222,11/13/2017,14:42,20084035,Fox Cookie,1,3.75,3.75,,,            
904,22222,11/13/2017,14:43,20084022,Chocolate Chip Cookie,1,3,3,,,            
905,22222,11/13/2017,14:58,20084022,Chocolate Chip Cookie,1,3,3,,,            
906,22222,11/13/2017,15:02,20084015,Sous Vide Egg Bites: Bacon & Gruyere,1,3.5,3.5,,,            
907,22222,11/13/2017,15:03,20084035,Fox Cookie,1,3.75,3.75,,,            
908,22222,11/13/2017,15:05,20084035,Fox Cookie,1,3.75,3.75,,,            
909,22222,11/13/2017,15:09,20084034,Cranberry Bliss Bar® Tray,1,3.75,3.75,,,            
910,22222,11/13/2017,15:23,20084260,Candy Cane Whoopie Pie,1,3.25,3.25,,,            
911,22222,11/13/2017,15:24,20084032,Chocolate Marble Loaf Cake,1,3.75,3.75,,,            
912,22222,11/13/2017,15:26,20084022,Chocolate Chip Cookie,1,3,3,,,            
913,22222,11/13/2017,15:35,20084066,Cookie Butter Bar,1,7.5,7.5,,,            
914,22222,11/13/2017,15:52,20084260,Candy Cane Whoopie Pie,1,3.25,3.25,,,            
915,22222,11/13/2017,15:55,20084066,Cookie Butter Bar,1,7.5,7.5,,,            
916,22222,11/13/2017,15:55,20084066,Cookie Butter Bar,1,7.5,7.5,,,            
917,22222,11/13/2017,15:55,20084066,Cookie Butter Bar,1,7.5,7.5,,,            
918,22222,11/13/2017,15:59,20084066,Cookie Butter Bar,1,7.5,7.5,,,            
919,22222,11/13/2017,15:59,20084011,Double-Smoked Bacon,1,3.75,3.75,,,            
920,22222,11/13/2017,16:04,20084015,Sous Vide Egg Bites: Bacon & Gruyere,1,3.5,3.5,,,             
921,22222,11/13/2017,16:09,20084011,Double-Smoked Bacon,1,3.75,3.75,,,             
922,22222,11/13/2017,16:10,20084022,Chocolate Chip Cookie,1,3,3,,,            
923,22222,11/13/2017,16:15,20084011,Double-Smoked Bacon,1,3.75,3.75,,,            
924,22222,11/13/2017,16:16,20083518,Carved Ham & Swiss Breakfast Sandwich,1,3.25,3.25,,,            
925,22222,11/13/2017,16:16,20084462,Blueberry Muffin with Yogurt and Honey,2,3.25,7.5,,,            
926,22222,11/13/2017,16:58,20084034,Cranberry Bliss Bar® Tray,6,3.75,27.5,,,            
927,22222,11/13/2017,17:11,20084066,Cookie Butter Bar,1,7.5,7.5,,,            
928,22222,11/13/2017,17:32,20084066,Cookie Butter Bar,1,7.5,7.5,,,            
929,22222,11/13/2017,17:33,20084462,Blueberry Muffin with Yogurt and Honey,1,3.25,3.25,,,            
930,22222,11/13/2017,17:47,20084260,Candy Cane Whoopie Pie,1,3.25,3.25,,,            
931,22222,11/13/2017,17:47,20084260,Candy Cane Whoopie Pie,1,3.25,3.25,,,            
932,22222,11/13/2017,17:57,20084018,Almond Croissant,1,3.75,3.75,,,            
933,22222,11/13/2017,18:04,20084066,Cookie Butter Bar,1,7.5,7.5,,,            
934,22222,11/13/2017,18:04,20084066,Cookie Butter Bar,1,7.5,7.5,,,            
935,22222,11/13/2017,18:08,20084015,Sous Vide Egg Bites: Bacon & Gruyere,1,3.5,3.5,,,            
936,22222,11/13/2017,18:08,20084015,Sous Vide Egg Bites: Bacon & Gruyere,1,3.5,3.5,,,            
937,22222,11/13/2017,18:24,20084066,Cookie Butter Bar,1,7.5,7.5,,,            
938,22222,11/13/2017,18:24,20084066,Cookie Butter Bar,1,7.5,7.5,,,            
939,22222,11/13/2017,18:27,20084066,Cookie Butter Bar,1,7.5,7.5,,,            
940,22222,11/13/2017,18:34,20084016,Spicy Chorizo,1,3.75,3.75,,,            
941,22222,11/13/2017,18:36,20084066,Cookie Butter Bar,1,7.5,7.5,,,            
942,22222,11/13/2017,18:36,20084066,Cookie Butter Bar,1,7.5,7.5,,,            
943,22222,11/13/2017,18:43,20084022,Chocolate Chip Cookie,1,3,3,,,            
944,22222,11/13/2017,18:52,20084066,Cookie Butter Bar,1,7.5,7.5,,,            
945,22222,11/13/2017,18:52,20084462,Blueberry Muffin with Yogurt and Honey,1,3.25,3.25,,,            
946,22222,11/13/2017,18:52,20084462,Blueberry Muffin with Yogurt and Honey,1,3.25,3.25,,,            
947,22222,11/13/2017,19:04,20084036,Pumpkin Cheesecake Bar,1,7.25,7.25,,,            
948,22222,11/13/2017,19:06,20084066,Cookie Butter Bar,1,7.5,7.5,,,            
949,22222,11/13/2017,19:08,20084066,Cookie Butter Bar,1,7.5,7.5,,,            
950,22222,11/13/2017,19:17,20084066,Cookie Butter Bar,1,7.5,7.5,,,            
951,22222,11/13/2017,19:31,20084066,Cookie Butter Bar,1,7.5,7.5,,,            
952,22222,11/13/2017,19:43,20084066,Cookie Butter Bar,1,7.5,7.5,,,            
953,22222,11/13/2017,19:48,20084022,Chocolate Chip Cookie,1,3,3,,,            
954,22222,11/13/2017,19:51,20084022,Chocolate Chip Cookie,1,3,3,,,            
955,22222,11/13/2017,20:00,20084022,Chocolate Chip Cookie,1,3,3,,,            
956,22222,11/13/2017,20:01,20084022,Chocolate Chip Cookie,1,3,3,,,            
957,22222,11/13/2017,20:11,20083518,Carved Ham & Swiss Breakfast Sandwich,1,3.25,3.25,,,            
958,22222,11/13/2017,20:11,20084011,Double-Smoked Bacon,1,3.75,3.75,,,            
959,22222,11/13/2017,20:11,20084016,Spicy Chorizo,1,3.75,3.75,,,            
960,22222,11/13/2017,22:19,20084022,Chocolate Chip Cookie,1,3,3,,,            
961,33333,11/13/2017,7:39,20083524,Reduced-Fat Turkey Bacon & Cage Free Egg White Breakfast Sandwich,1,7,7,,,            
962,33333,11/13/2017,8:02,20083524,Reduced-Fat Turkey Bacon & Cage Free Egg White Breakfast Sandwich,1,7,7,,,             
963,33333,11/13/2017,8:10,20083524,Reduced-Fat Turkey Bacon & Cage Free Egg White Breakfast Sandwich,1,7,7,,,            
964,33333,11/13/2017,14:10,20083524,Reduced-Fat Turkey Bacon & Cage Free Egg White Breakfast Sandwich,1,7,7,,,            
965,33333,11/13/2017,14:13,20083524,Reduced-Fat Turkey Bacon & Cage Free Egg White Breakfast Sandwich,1,7,7,,,           
966,33333,11/13/2017,8:25,20083524,Reduced-Fat Turkey Bacon & Cage Free Egg White Breakfast Sandwich,1,7,7,,,             
967,33333,11/13/2017,15:01,20083524,Reduced-Fat Turkey Bacon & Cage Free Egg White Breakfast Sandwich,1,7,7,,,           
968,33333,11/13/2017,9:00,20083524,Reduced-Fat Turkey Bacon & Cage Free Egg White Breakfast Sandwich,1,7,7,,,            
969,33333,11/13/2017,15:20,20083524,Reduced-Fat Turkey Bacon & Cage Free Egg White Breakfast Sandwich,1,-7,-7,,,          
970,33333,11/13/2017,9:45,20083524,Reduced-Fat Turkey Bacon & Cage Free Egg White Breakfast Sandwich,1,7,7,,,             
971,33333,11/13/2017,10:02,20083524,Reduced-Fat Turkey Bacon & Cage Free Egg White Breakfast Sandwich,1,7,7,,,            
972,33333,11/13/2017,10:08,20083524,Reduced-Fat Turkey Bacon & Cage Free Egg White Breakfast Sandwich,1,7,7,,,            
973,33333,11/13/2017,10:15,20083524,Reduced-Fat Turkey Bacon & Cage Free Egg White Breakfast Sandwich,1,7,7,,,            
974,33333,11/13/2017,10:50,20083524,Reduced-Fat Turkey Bacon & Cage Free Egg White Breakfast Sandwich,1,7,7,,,            
975,33333,11/13/2017,10:50,20083524,Reduced-Fat Turkey Bacon & Cage Free Egg White Breakfast Sandwich,1,7,7,,,            
976,33333,11/13/2017,10:56,20083524,Reduced-Fat Turkey Bacon & Cage Free Egg White Breakfast Sandwich,1,7,7,,,           
977,33333,11/13/2017,10:59,20083524,Reduced-Fat Turkey Bacon & Cage Free Egg White Breakfast Sandwich,1,7,7,,,            
978,33333,11/13/2017,11:21,20083524,Reduced-Fat Turkey Bacon & Cage Free Egg White Breakfast Sandwich,1,7,7,,,            
979,33333,11/13/2017,11:24,20083524,Reduced-Fat Turkey Bacon & Cage Free Egg White Breakfast Sandwich,1,7,7,,,            
980,33333,11/13/2017,11:27,20083524,Reduced-Fat Turkey Bacon & Cage Free Egg White Breakfast Sandwich,1,7,7,,,            
981,33333,11/13/2017,11:27,20083524,Reduced-Fat Turkey Bacon & Cage Free Egg White Breakfast Sandwich,1,7,7,,,            
982,33333,11/13/2017,11:27,20083524,Reduced-Fat Turkey Bacon & Cage Free Egg White Breakfast Sandwich,1,7,7,,,            
983,33333,11/13/2017,11:27,20083524,Reduced-Fat Turkey Bacon & Cage Free Egg White Breakfast Sandwich,1,7,7,,,           
984,33333,11/13/2017,11:30,20083524,Reduced-Fat Turkey Bacon & Cage Free Egg White Breakfast Sandwich,1,7,7,,,           
985,33333,11/13/2017,11:32,20083524,Reduced-Fat Turkey Bacon & Cage Free Egg White Breakfast Sandwich,1,7,7,,,            
986,33333,11/13/2017,11:34,20083524,Reduced-Fat Turkey Bacon & Cage Free Egg White Breakfast Sandwich,1,7,7,,,            
987,33333,11/13/2017,7:08,20083524,Reduced-Fat Turkey Bacon & Cage Free Egg White Breakfast Sandwich,1,7,7,,,            
988,33333,11/13/2017,12:29,20083524,Reduced-Fat Turkey Bacon & Cage Free Egg White Breakfast Sandwich,1,7,7,,,           
989,33333,11/13/2017,12:34,20083524,Reduced-Fat Turkey Bacon & Cage Free Egg White Breakfast Sandwich,1,7,7,,,           
990,33333,11/13/2017,12:45,20083524,Reduced-Fat Turkey Bacon & Cage Free Egg White Breakfast Sandwich,1,7,7,,,           
991,33333,11/13/2017,12:50,20083524,Reduced-Fat Turkey Bacon & Cage Free Egg White Breakfast Sandwich,1,7,7,,,           
992,33333,11/13/2017,13:07,20083524,Reduced-Fat Turkey Bacon & Cage Free Egg White Breakfast Sandwich,1,7,7,,,            
993,33333,11/13/2017,8:34,20083525,Ham & Cheese Croissant,1,7,7,,,             
994,33333,11/13/2017,14:55,20083525,Ham & Cheese Croissant,1,7,7,,,           
995,33333,11/13/2017,15:52,20083525,Ham & Cheese Croissant,1,7,7,,,           
996,33333,11/13/2017,9:45,20083525,Ham & Cheese Croissant,1,7,7,,,             
997,33333,11/13/2017,10:15,20083525,Ham & Cheese Croissant,1,7,7,,,            
998,33333,11/13/2017,16:59,20083525,Ham & Cheese Croissant,1,7,7,,,           
999,33333,11/13/2017,10:55,20083525,Ham & Cheese Croissant,1,7,7,,,           
1000,33333,11/13/2017,11:17,20083525,Ham & Cheese Croissant,1,7,7,,,           
1001,33333,11/13/2017,12:06,20083525,Ham & Cheese Croissant,1,7,7,,,           
1002,33333,11/13/2017,13:27,20083525,Ham & Cheese Croissant,1,7,7,,,            
1003,33333,11/13/2017,15:23,20084260,Candy Cane Whoopie Pie,1,3.25,3.25,,,            
1004,33333,11/13/2017,15:24,20084032,Chocolate Marble Loaf Cake,1,3.75,3.75,,,            
1005,33333,11/13/2017,15:26,20084022,Chocolate Chip Cookie,1,3,3,,,            
1006,33333,11/13/2017,15:35,20084066,Cookie Butter Bar,1,7.5,7.5,,,            
1007,33333,11/13/2017,15:52,20084260,Candy Cane Whoopie Pie,1,3.25,3.25,,,            
1008,33333,11/13/2017,15:55,20084066,Cookie Butter Bar,1,7.5,7.5,,,            
1009,33333,11/13/2017,15:55,20084066,Cookie Butter Bar,1,7.5,7.5,,,            
1010,33333,11/13/2017,15:55,20084066,Cookie Butter Bar,1,7.5,7.5,,,            
1011,33333,11/13/2017,15:59,20084066,Cookie Butter Bar,1,7.5,7.5,,,            
1012,33333,11/13/2017,15:59,20084011,Double-Smoked Bacon,1,3.75,3.75,,,            
1013,33333,11/13/2017,16:04,20084015,Sous Vide Egg Bites: Bacon & Gruyere,1,3.5,3.5,,,             
1014,33333,11/13/2017,16:09,20084011,Double-Smoked Bacon,1,3.75,3.75,,,             
1015,33333,11/13/2017,16:10,20084022,Chocolate Chip Cookie,1,3,3,,,            
1016,33333,11/13/2017,16:15,20084011,Double-Smoked Bacon,1,3.75,3.75,,,            
1017,33333,11/13/2017,16:16,20083518,Carved Ham & Swiss Breakfast Sandwich,1,3.25,3.25,,,            
1018,33333,11/13/2017,16:16,20084462,Blueberry Muffin with Yogurt and Honey,2,3.25,7.5,,,            
1019,33333,11/13/2017,16:58,20084034,Cranberry Bliss Bar® Tray,6,3.75,27.5,,,            
1020,33333,11/13/2017,17:11,20084066,Cookie Butter Bar,1,7.5,7.5,,,            
1021,33333,11/13/2017,17:32,20084066,Cookie Butter Bar,1,7.5,7.5,,,            
1022,33333,11/13/2017,17:33,20084462,Blueberry Muffin with Yogurt and Honey,1,3.25,3.25,,,            
1023,33333,11/13/2017,17:47,20084260,Candy Cane Whoopie Pie,1,3.25,3.25,,,            
1024,33333,11/13/2017,17:47,20084260,Candy Cane Whoopie Pie,1,3.25,3.25,,,            
1025,33333,11/13/2017,17:57,20084018,Almond Croissant,1,3.75,3.75,,,            
1026,33333,11/13/2017,18:04,20084066,Cookie Butter Bar,1,7.5,7.5,,,            
1027,33333,11/13/2017,18:04,20084066,Cookie Butter Bar,1,7.5,7.5,,,            
1028,33333,11/13/2017,18:08,20084015,Sous Vide Egg Bites: Bacon & Gruyere,1,3.5,3.5,,,            
